episode,timestep,reward,steps,success
1,400,-126.2004,400,0
2,800,-119.4004,400,0
3,1200,-138.5004,400,0
4,1600,-138.1004,400,0
5,2000,-132.3004,400,0
6,2400,-115.5003,400,0
7,2800,-118.1003,400,0
8,3200,-109.8004,400,0
9,3600,-138.6004,400,0
10,4000,-133.7004,400,0
11,4400,-111.1003,400,0
12,4800,-118.0003,400,0
13,5184,2.5997,384,1
14,5584,-126.6004,400,0
15,5771,76.3,187,1
16,6171,-122.0003,400,0
17,6571,-123.6004,400,0
18,6971,-108.9003,400,0
19,7371,-130.9005,400,0
20,7771,-98.0001,400,0
21,7989,71.6,218,1
22,8060,110.7,71,1
23,8209,90.1,149,1
24,8609,-119.9004,400,0
25,9009,-127.8004,400,0
26,9409,-114.7004,400,0
27,9809,-122.9004,400,0
28,9872,108.3,63,1
29,10272,-125.7004,400,0
30,10672,-118.6004,400,0
31,11009,32.9,337,1
32,11409,-107.9002,400,0
33,11809,-131.4005,400,0
34,12209,-119.1004,400,0
35,12609,-128.7004,400,0
36,13009,-106.0003,400,0
37,13409,-121.5004,400,0
38,13809,-117.3004,400,0
39,14209,-113.9004,400,0
40,14609,-123.2004,400,0
41,15009,-130.2004,400,0
42,15409,-111.5003,400,0
43,15809,-100.5002,400,0
44,16209,-127.1004,400,0
45,16609,-126.7004,400,0
46,17009,-118.6004,400,0
47,17409,-109.0003,400,0
48,17809,-128.9004,400,0
49,18209,-122.5004,400,0
50,18609,-113.5003,400,0
51,19009,-114.5003,400,0
52,19199,77.6,190,1
53,19599,-116.8004,400,0
54,19999,-120.4004,400,0
55,20399,-107.7003,400,0
56,20799,-120.8004,400,0
57,21199,-123.6004,400,0
58,21599,-125.4004,400,0
59,21999,-102.4003,400,0
60,22399,-102.0002,400,0
61,22799,-109.9003,400,0
62,23199,-111.6003,400,0
63,23341,87.4,142,1
64,23741,-120.7004,400,0
65,24141,-114.9003,400,0
66,24541,-120.5004,400,0
67,24941,-120.6004,400,0
68,25341,-105.7002,400,0
69,25741,-114.0003,400,0
70,26141,-121.6004,400,0
71,26541,-121.9004,400,0
72,26941,-115.9004,400,0
73,27341,-115.5003,400,0
74,27741,-97.1002,400,0
75,28141,-126.1004,400,0
76,28541,-130.3004,400,0
77,28941,-110.1002,400,0
78,29285,11.0997,344,1
79,29685,-132.2004,400,0
80,30085,-108.4003,400,0
81,30485,-133.5004,400,0
82,30885,-104.9002,400,0
83,31285,-110.9003,400,0
84,31685,-124.5004,400,0
85,32085,-99.7002,400,0
86,32485,-101.1002,400,0
87,32885,-122.5004,400,0
88,33285,-116.2004,400,0
89,33685,-122.1004,400,0
90,34085,-117.4004,400,0
91,34485,-124.1004,400,0
92,34885,-106.1003,400,0
93,35285,-107.2003,400,0
94,35685,-107.7002,400,0
95,36085,-117.2003,400,0
96,36485,-123.6003,400,0
97,36885,-98.7001,400,0
98,37285,-107.0003,400,0
99,37685,-124.5004,400,0
100,38085,-117.4004,400,0
101,38485,-90.7002,400,0
102,38885,-107.1003,400,0
103,39285,-108.1004,400,0
104,39685,-125.8004,400,0
105,40085,-115.3003,400,0
106,40400,39.9001,315,1
107,40800,-104.0002,400,0
108,41200,-105.3002,400,0
109,41600,-96.9001,400,0
110,42000,-127.7004,400,0
111,42400,-105.5002,400,0
112,42800,-111.8003,400,0
113,42867,112.3,67,1
114,43267,-122.5003,400,0
115,43424,87.9,157,1
116,43824,-122.9004,400,0
117,44224,-114.2003,400,0
118,44624,-105.8003,400,0
119,45024,-118.2004,400,0
120,45424,-102.7001,400,0
121,45590,88.8,166,1
122,45678,105.2,88,1
123,45843,85.0,165,1
124,46243,-117.4004,400,0
125,46643,-126.5004,400,0
126,47043,-94.7001,400,0
127,47443,-125.1004,400,0
128,47519,103.9,76,1
129,47919,-107.6003,400,0
130,48319,-89.9001,400,0
131,48719,-124.3004,400,0
132,49119,-107.9003,400,0
133,49519,-113.5003,400,0
134,49919,-124.5004,400,0
135,50319,-104.0002,400,0
136,50719,-103.0002,400,0
137,51119,-124.4004,400,0
138,51519,-122.8004,400,0
139,51919,-117.4003,400,0
140,52319,-111.2004,400,0
141,52719,-102.7003,400,0
142,53119,-112.5003,400,0
143,53519,-102.1002,400,0
144,53919,-114.2003,400,0
145,54319,-90.2001,400,0
146,54719,-122.9004,400,0
147,55119,-105.7004,400,0
148,55519,-119.1004,400,0
149,55919,-98.4003,400,0
150,56319,-122.8004,400,0
151,56719,-94.7002,400,0
152,57006,42.7,287,1
153,57406,-109.8004,400,0
154,57806,-99.2003,400,0
155,58206,-131.2004,400,0
156,58606,-103.4003,400,0
157,59006,-109.3002,400,0
158,59406,-107.6003,400,0
159,59561,96.9,155,1
160,59961,-123.0004,400,0
161,60361,-103.2003,400,0
162,60761,-113.2003,400,0
163,60848,104.5,87,1
164,61248,-124.0004,400,0
165,61377,96.1,129,1
166,61777,-126.5004,400,0
167,62177,-115.1003,400,0
168,62577,-107.2003,400,0
169,62977,-123.3004,400,0
170,63377,-107.5002,400,0
171,63486,107.5,109,1
172,63582,101.6,96,1
173,63675,107.7,93,1
174,64075,-125.2004,400,0
175,64237,88.6,162,1
176,64637,-97.3003,400,0
177,65037,-119.5004,400,0
178,65109,104.6,72,1
179,65509,-114.5003,400,0
180,65909,-90.2001,400,0
181,66309,-121.6003,400,0
182,66709,-113.0003,400,0
183,67109,-117.1003,400,0
184,67335,66.6,226,1
185,67735,-106.1002,400,0
186,68039,45.0,304,1
187,68439,-105.9002,400,0
188,68839,-112.4004,400,0
189,69239,-117.8003,400,0
190,69639,-126.4004,400,0
191,70039,-101.3002,400,0
192,70439,-114.2003,400,0
193,70839,-110.3003,400,0
194,71239,-115.4003,400,0
195,71639,-92.0001,400,0
196,72039,-122.0004,400,0
197,72439,-105.7003,400,0
198,72839,-87.0002,400,0
199,73239,-97.2003,400,0
200,73639,-118.0003,400,0
201,74039,13.6999,400,1
202,74218,76.1,179,1
203,74618,-105.3003,400,0
204,75018,-94.3001,400,0
205,75418,-133.5004,400,0
206,75556,97.4,138,1
207,75956,-107.6002,400,0
208,76356,-95.0002,400,0
209,76506,97.4,150,1
210,76906,-106.6002,400,0
211,77306,-107.0003,400,0
212,77706,-114.0003,400,0
213,77801,101.7,95,1
214,78079,73.3,278,1
215,78191,100.8,112,1
216,78591,-128.4004,400,0
217,78991,-127.2004,400,0
218,79391,-87.0001,400,0
219,79791,-102.2002,400,0
220,80191,-114.5003,400,0
221,80449,53.8,258,1
222,80634,69.3,185,1
223,80741,102.1,107,1
224,81141,-129.5004,400,0
225,81316,83.2,175,1
226,81716,-100.1002,400,0
227,82116,-121.6004,400,0
228,82242,85.0,126,1
229,82642,-109.8003,400,0
230,83042,-90.5002,400,0
231,83413,16.6997,371,1
232,83813,-111.8003,400,0
233,84213,-112.2004,400,0
234,84613,-111.8003,400,0
235,85013,-135.2005,400,0
236,85232,72.9,219,1
237,85632,-103.4003,400,0
238,86032,-112.0003,400,0
239,86432,-116.5003,400,0
240,86832,-131.8004,400,0
241,87232,-100.2002,400,0
242,87632,-115.8002,400,0
243,88032,-104.6002,400,0
244,88432,-118.3003,400,0
245,88832,-91.6001,400,0
246,89232,-121.7004,400,0
247,89632,-108.9002,400,0
248,90032,-90.7002,400,0
249,90432,-94.4001,400,0
250,90832,-113.3003,400,0
251,91232,-96.8002,400,0
252,91632,-120.2003,400,0
253,92032,-108.0003,400,0
254,92432,-98.0002,400,0
255,92776,37.6999,344,1
256,92885,107.1,109,1
257,93285,-105.9002,400,0
258,93685,-97.0002,400,0
259,93908,71.8001,223,1
260,94308,-135.6004,400,0
261,94708,-105.5002,400,0
262,95108,-113.8004,400,0
263,95215,98.5,107,1
264,95615,-88.0001,400,0
265,95699,110.2,84,1
266,96099,-123.4004,400,0
267,96499,-125.8004,400,0
268,96832,57.8001,333,1
269,97232,-99.4002,400,0
270,97632,-109.6003,400,0
271,97751,104.6,119,1
272,97863,95.8,112,1
273,97955,108.0,92,1
274,98355,-103.2004,400,0
275,98460,108.7,105,1
276,98860,-84.3001,400,0
277,99260,-84.4003,400,0
278,99314,111.2,54,1
279,99714,-112.3003,400,0
280,100114,-89.7002,400,0
281,100388,49.6,274,1
282,100788,-111.2003,400,0
283,101188,-116.1003,400,0
284,101346,89.8,158,1
285,101746,-107.8002,400,0
286,102146,-109.2003,400,0
287,102546,-124.8004,400,0
288,102946,-124.5003,400,0
289,103304,49.8001,358,1
290,103493,89.9,189,1
291,103893,-130.7004,400,0
292,104293,-101.7002,400,0
293,104693,-107.1003,400,0
294,105093,-109.9003,400,0
295,105493,-89.6001,400,0
296,105893,-120.4004,400,0
297,106293,-103.5002,400,0
298,106693,-90.8002,400,0
299,107093,-92.3001,400,0
300,107493,-119.3003,400,0
301,107803,49.9,310,1
302,107994,73.5,191,1
303,108201,85.5,207,1
304,108601,-125.6004,400,0
305,108997,22.9998,396,1
306,109081,116.4,84,1
307,109481,-106.8003,400,0
308,109881,-90.8001,400,0
309,110002,108.6,121,1
310,110402,-107.2002,400,0
311,110802,-111.8002,400,0
312,111202,-114.6003,400,0
313,111301,100.3,99,1
314,111701,-122.1004,400,0
315,111763,118.2,62,1
316,112163,-128.5004,400,0
317,112563,-117.4004,400,0
318,112963,-115.0003,400,0
319,113363,-104.2002,400,0
320,113763,-109.1002,400,0
321,113954,79.2,191,1
322,114354,-122.4004,400,0
323,114424,115.5,70,1
324,114824,-130.2004,400,0
325,114920,111.0,96,1
326,115320,-93.7002,400,0
327,115720,-118.2004,400,0
328,115787,106.7,67,1
329,116187,-109.1003,400,0
330,116587,-91.6001,400,0
331,116947,19.7998,360,1
332,117347,-108.0003,400,0
333,117747,-115.1003,400,0
334,118016,50.7,269,1
335,118416,-138.5005,400,0
336,118576,95.2,160,1
337,118976,-101.2002,400,0
338,119376,-109.4004,400,0
339,119776,-117.8003,400,0
340,119972,87.0,196,1
341,120372,-110.7004,400,0
342,120772,-109.6003,400,0
343,121172,-101.5002,400,0
344,121572,-115.0003,400,0
345,121972,-85.8001,400,0
346,122372,-126.5004,400,0
347,122772,-107.7002,400,0
348,123172,-109.5002,400,0
349,123572,-117.6003,400,0
350,123972,-117.2003,400,0
351,124372,-101.3002,400,0
352,124546,78.0,174,1
353,124744,87.4,198,1
354,125144,-94.6002,400,0
355,125544,-110.6002,400,0
356,125637,112.5,93,1
357,126037,-108.5003,400,0
358,126437,-93.1002,400,0
359,126530,117.3,93,1
360,126930,-124.6004,400,0
361,127330,-104.0002,400,0
362,127730,-116.0003,400,0
363,127793,112.9,63,1
364,128193,-127.2004,400,0
365,128273,113.0,80,1
366,128673,-130.7004,400,0
367,129073,-121.9004,400,0
368,129473,-109.5003,400,0
369,129873,-126.5003,400,0
370,130091,74.9,218,1
371,130244,92.8,153,1
372,130300,115.6,56,1
373,130359,119.5,59,1
374,130759,-126.2004,400,0
375,130844,115.5,85,1
376,131244,-96.3002,400,0
377,131644,-116.7003,400,0
378,131698,111.0,54,1
379,132098,-109.7003,400,0
380,132498,-88.7001,400,0
381,132769,50.5,271,1
382,133169,-109.0003,400,0
383,133569,-113.0003,400,0
384,133716,93.1,147,1
385,134116,-101.8002,400,0
386,134350,69.6,234,1
387,134750,-124.4004,400,0
388,135150,-109.0003,400,0
389,135550,-114.9003,400,0
390,135657,118.3,107,1
391,136057,-102.2002,400,0
392,136457,-112.3003,400,0
393,136857,-108.5003,400,0
394,137257,-118.8003,400,0
395,137657,-91.3002,400,0
396,138057,-120.4004,400,0
397,138457,-101.4002,400,0
398,138857,-109.7003,400,0
399,139257,-116.9004,400,0
400,139657,-121.9003,400,0
401,140057,-93.6001,400,0
402,140241,78.0,184,1
403,140469,76.4,228,1
404,140869,-96.0002,400,0
405,141269,-108.9002,400,0
406,141363,112.2,94,1
407,141763,-107.2003,400,0
408,142163,-86.7001,400,0
409,142530,26.4998,367,1
410,142930,-125.5004,400,0
411,143330,-110.5002,400,0
412,143730,-111.0003,400,0
413,143891,78.7,161,1
414,144291,-122.5004,400,0
415,144471,77.0,180,1
416,144871,-131.2004,400,0
417,145197,53.3,326,1
418,145597,-112.8003,400,0
419,145997,-101.5002,400,0
420,146198,82.0,201,1
421,146320,102.9,122,1
422,146436,94.9,116,1
423,146526,107.8,90,1
424,146926,-100.9002,400,0
425,147326,-134.5004,400,0
426,147726,-99.0002,400,0
427,148126,-117.1003,400,0
428,148199,105.1,73,1
429,148599,-106.8003,400,0
430,148999,-94.7001,400,0
431,149129,100.4,130,1
432,149529,-113.1003,400,0
433,149920,39.0,391,1
434,150052,99.2,132,1
435,150452,-105.2002,400,0
436,150852,-92.6002,400,0
437,151252,-99.0002,400,0
438,151652,-111.0003,400,0
439,152052,-122.6003,400,0
440,152255,85.3,203,1
441,152655,-100.4002,400,0
442,153055,-113.4003,400,0
443,153455,-102.0002,400,0
444,153855,-117.2003,400,0
445,154255,-93.5002,400,0
446,154655,-115.7004,400,0
447,155055,-100.0002,400,0
448,155455,-114.1002,400,0
449,155795,54.6001,340,1
450,156195,-113.4003,400,0
451,156595,-125.1004,400,0
452,156995,-111.0003,400,0
453,157395,-105.2002,400,0
454,157795,-91.0001,400,0
455,158126,46.0,331,1
456,158193,121.5,67,1
457,158593,-110.3002,400,0
458,158993,-96.9002,400,0
459,159135,102.0,142,1
460,159535,-105.1002,400,0
461,159935,-106.9002,400,0
462,160335,-99.2003,400,0
463,160437,100.4,102,1
464,160837,-82.0001,400,0
465,160908,115.7,71,1
466,161308,-134.9004,400,0
467,161708,-125.7004,400,0
468,162108,-106.6003,400,0
469,162508,-101.1002,400,0
470,162839,35.2999,331,1
471,162991,92.6,152,1
472,163217,56.2,226,1
473,163340,98.1,123,1
474,163740,-103.7003,400,0
475,163876,99.0,136,1
476,164241,49.7,365,1
477,164641,-109.5003,400,0
478,164712,105.8,71,1
479,165112,-99.2002,400,0
480,165512,-89.2001,400,0
481,165660,95.1,148,1
482,166060,-112.6003,400,0
483,166460,-119.6003,400,0
484,166605,95.6,145,1
485,167005,-102.0003,400,0
486,167405,-106.7003,400,0
487,167805,-104.6002,400,0
488,168205,-138.9004,400,0
489,168605,-121.5003,400,0
490,168785,92.0,180,1
491,168997,83.4,212,1
492,169397,-114.0002,400,0
493,169797,-137.9004,400,0
494,170197,-108.0003,400,0
495,170597,-77.0,400,0
496,170997,-117.4004,400,0
497,171397,-103.5002,400,0
498,171797,-98.1002,400,0
499,172197,-86.8002,400,0
500,172597,-96.2002,400,0
501,172997,-96.4002,400,0
502,173397,-115.3003,400,0
503,173682,57.1,285,1
504,174082,-91.7002,400,0
505,174482,-105.7003,400,0
506,174882,-127.9004,400,0
507,175282,-128.6004,400,0
508,175682,-132.2004,400,0
509,176082,-119.6004,400,0
510,176482,-100.6002,400,0
511,176882,-113.9003,400,0
512,177282,-101.4002,400,0
513,177379,101.9,97,1
514,177779,-106.8003,400,0
515,177897,99.6,118,1
516,178297,-122.9004,400,0
517,178697,-125.0004,400,0
518,179097,-114.2003,400,0
519,179497,-120.3004,400,0
520,179897,-113.4003,400,0
521,179976,117.7,79,1
522,180030,116.0,54,1
523,180083,121.5,53,1
524,180483,-126.2004,400,0
525,180541,124.6,58,1
526,180941,-94.0002,400,0
527,181341,-123.1004,400,0
528,181380,115.9,39,1
529,181780,-111.3003,400,0
530,182180,-88.6001,400,0
531,182580,-127.3004,400,0
532,182980,-108.5003,400,0
533,183380,-107.2003,400,0
534,183512,101.0,132,1
535,183912,-99.1001,400,0
536,184211,47.9,299,1
537,184611,-103.7003,400,0
538,185011,-109.8003,400,0
539,185411,-113.9004,400,0
540,185593,92.8,182,1
541,185993,-99.6002,400,0
542,186393,-110.8003,400,0
543,186793,-129.6004,400,0
544,187193,-111.7003,400,0
545,187593,-84.4,400,0
546,187993,-115.8004,400,0
547,188393,-98.9002,400,0
548,188793,-109.5003,400,0
549,189193,-125.5004,400,0
550,189593,-109.7003,400,0
551,189993,-96.9002,400,0
552,190393,-109.9003,400,0
553,190736,40.1,343,1
554,191136,-130.5004,400,0
555,191536,-103.8003,400,0
556,191601,122.7,65,1
557,192001,-103.6002,400,0
558,192401,-101.4004,400,0
559,192567,94.6,166,1
560,192967,-99.4002,400,0
561,193367,-102.2003,400,0
562,193704,44.3001,337,1
563,193770,112.2,66,1
564,194170,-121.6004,400,0
565,194240,115.8,70,1
566,194640,-126.2004,400,0
567,195040,-122.4004,400,0
568,195440,-112.3003,400,0
569,195840,-113.9003,400,0
570,196240,-113.7003,400,0
571,196346,109.0,106,1
572,196746,-119.7003,400,0
573,196819,114.9,73,1
574,197219,-134.5004,400,0
575,197308,113.9,89,1
576,197708,-94.6001,400,0
577,198108,-117.0003,400,0
578,198188,103.4,80,1
579,198588,-107.7002,400,0
580,198988,-90.2001,400,0
581,199265,52.5001,277,1
582,199665,-103.5002,400,0
583,200065,-113.6004,400,0
584,200247,83.8,182,1
585,200647,-93.0002,400,0
586,200924,55.3,277,1
587,201324,-99.6002,400,0
588,201724,-99.7002,400,0
589,202124,-114.8003,400,0
590,202279,102.0,155,1
591,202679,-86.0003,400,0
592,203079,-107.3003,400,0
593,203479,-131.9004,400,0
594,203879,-108.0003,400,0
595,204279,-88.3001,400,0
596,204679,-93.0002,400,0
597,205079,-91.3004,400,0
598,205479,-90.0001,400,0
599,205879,-119.3003,400,0
600,206279,-103.8003,400,0
601,206679,-98.4002,400,0
602,207079,-113.5003,400,0
603,207479,-104.9002,400,0
604,207879,-87.9001,400,0
605,208279,-106.0003,400,0
606,208360,117.1,81,1
607,208760,-129.7004,400,0
608,209160,-88.2002,400,0
609,209314,97.4,154,1
610,209714,-125.4004,400,0
611,210114,-113.2003,400,0
612,210231,114.7,117,1
613,210349,94.0,118,1
614,210749,-114.6003,400,0
615,210858,101.7,109,1
616,211258,-126.4004,400,0
617,211658,-119.5004,400,0
618,212058,-81.4,400,0
619,212458,-100.3002,400,0
620,212858,-113.6003,400,0
621,212944,115.4,86,1
622,213344,-125.1004,400,0
623,213412,116.0,68,1
624,213812,-126.7004,400,0
625,213933,102.9,121,1
626,214333,-92.8002,400,0
627,214733,-115.8002,400,0
628,214795,108.8,62,1
629,215195,-114.2003,400,0
630,215595,-88.0001,400,0
631,215871,50.5001,276,1
632,216271,-105.4003,400,0
633,216671,-117.7003,400,0
634,217071,-116.5004,400,0
635,217471,-99.1002,400,0
636,217871,-105.2003,400,0
637,218271,-105.0002,400,0
638,218671,-104.4003,400,0
639,219071,-120.1004,400,0
640,219471,-129.9005,400,0
641,219716,72.3,245,1
642,220116,-113.3003,400,0
643,220516,-131.7004,400,0
644,220916,-109.3003,400,0
645,221316,-115.8004,400,0
646,221716,-124.6004,400,0
647,222116,-93.8001,400,0
648,222516,-103.0001,400,0
649,222916,-117.3004,400,0
650,223198,71.6001,282,1
651,223598,-119.5004,400,0
652,223998,-106.5003,400,0
653,224398,-96.8001,400,0
654,224798,-89.1001,400,0
655,225058,70.6,260,1
656,225182,103.6,124,1
657,225582,-123.5004,400,0
658,225982,-92.0001,400,0
659,226080,116.6,98,1
660,226431,45.6,351,1
661,226831,-109.2002,400,0
662,226979,105.2,148,1
663,227061,106.8,82,1
664,227461,-92.5001,400,0
665,227517,120.0,56,1
666,227917,-126.4004,400,0
667,228317,-112.5004,400,0
668,228717,-107.7003,400,0
669,229117,-97.0002,400,0
670,229482,24.2998,365,1
671,229577,112.9,95,1
672,229730,81.5,153,1
673,229809,112.5,79,1
674,230209,-124.9004,400,0
675,230489,48.5,280,1
676,230889,-94.5001,400,0
677,231289,-116.1003,400,0
678,231335,113.8,46,1
679,231735,-107.8002,400,0
680,232135,-89.0001,400,0
681,232535,-123.2004,400,0
682,232935,-103.2002,400,0
683,233335,-117.0003,400,0
684,233486,93.4,151,1
685,233886,-99.0002,400,0
686,234286,-104.7003,400,0
687,234686,-97.4002,400,0
688,235086,-100.8002,400,0
689,235486,-113.1003,400,0
690,235886,-123.7004,400,0
691,236286,-99.5002,400,0
692,236686,-113.5003,400,0
693,237086,-96.4003,400,0
694,237486,-107.3003,400,0
695,237886,-88.1001,400,0
696,238286,-114.5003,400,0
697,238686,-101.9002,400,0
698,239086,-90.7001,400,0
699,239486,-77.9,400,0
700,239882,35.1998,396,1
701,240282,-123.3003,400,0
702,240389,103.1,107,1
703,240575,91.0,186,1
704,240975,-84.3001,400,0
705,241185,87.4,210,1
706,241289,109.5,104,1
707,241689,-124.8004,400,0
708,242089,-91.3002,400,0
709,242255,93.4,166,1
710,242655,-105.3002,400,0
711,243055,-113.6003,400,0
712,243190,107.5,135,1
713,243284,103.2,94,1
714,243684,-120.3004,400,0
715,243761,113.3,77,1
716,244161,-119.9004,400,0
717,244561,-119.7004,400,0
718,244961,-108.1003,400,0
719,245361,-100.9002,400,0
720,245761,-111.6003,400,0
721,246064,41.9,303,1
722,246464,-121.9004,400,0
723,246520,120.5,56,1
724,246920,-128.8004,400,0
725,247058,98.0,138,1
726,247458,-95.4002,400,0
727,247858,-111.5004,400,0
728,247956,97.2,98,1
729,248356,-101.2003,400,0
730,248756,-94.0002,400,0
731,249007,57.8,251,1
732,249407,-102.4003,400,0
733,249807,-117.6003,400,0
734,249862,125.5,55,1
735,250262,-101.6002,400,0
736,250461,81.1,199,1
737,250861,-99.9002,400,0
738,251261,-112.0004,400,0
739,251661,-116.4004,400,0
740,251855,89.2,194,1
741,252255,-97.8002,400,0
742,252655,-113.3003,400,0
743,253055,-124.7004,400,0
744,253455,-113.2003,400,0
745,253855,-76.7,400,0
746,254255,-111.9003,400,0
747,254655,-97.8002,400,0
748,254948,64.1,293,1
749,255348,-77.1,400,0
750,255748,-112.7003,400,0
751,256097,35.1,349,1
752,256411,33.2,314,1
753,256562,103.5,151,1
754,256962,-94.6004,400,0
755,257287,48.5,325,1
756,257343,125.2,56,1
757,257743,-111.0002,400,0
758,258143,-90.6001,400,0
759,258237,117.4,94,1
760,258637,-91.1001,400,0
761,259037,-93.2002,400,0
762,259176,106.7,139,1
763,259258,106.8,82,1
764,259469,98.5,211,1
765,259530,118.9,61,1
766,259930,-127.0004,400,0
767,260330,-118.8004,400,0
768,260730,-108.5002,400,0
769,261130,-96.7002,400,0
770,261530,-110.2003,400,0
771,261612,117.0,82,1
772,261654,120.0,42,1
773,261722,116.4,68,1
774,262122,-127.4004,400,0
775,262204,116.6,82,1
776,262572,48.6,368,1
777,262972,-119.4004,400,0
778,263017,113.5,45,1
779,263417,-106.0003,400,0
780,263817,-87.2001,400,0
781,263931,105.3,114,1
782,264331,-107.9003,400,0
783,264731,-119.1004,400,0
784,264846,104.7,115,1
785,265246,-105.4002,400,0
786,265646,-106.3003,400,0
787,265963,66.3001,317,1
788,266363,-116.0003,400,0
789,266763,-117.7003,400,0
790,266920,102.0,157,1
791,267320,-132.9004,400,0
792,267720,-106.9003,400,0
793,268120,-98.5002,400,0
794,268520,-111.8003,400,0
795,268920,-90.9002,400,0
796,269320,-113.9004,400,0
797,269720,-98.8002,400,0
798,269912,100.1,192,1
799,270312,-91.0002,400,0
800,270712,-109.8002,400,0
801,270825,116.7,113,1
802,270888,118.1,63,1
803,271082,87.8,194,1
804,271482,-109.4004,400,0
805,271797,50.8,315,1
806,271866,121.1,69,1
807,272266,-110.4003,400,0
808,272666,-91.5002,400,0
809,272737,125.5,71,1
810,273137,-105.8002,400,0
811,273537,-95.7002,400,0
812,273718,93.7,181,1
813,273790,110.2,72,1
814,274190,-111.4003,400,0
815,274245,120.7,55,1
816,274645,-123.6004,400,0
817,275045,-118.2004,400,0
818,275445,-103.3002,400,0
819,275845,-99.9002,400,0
820,276245,-114.6003,400,0
821,276442,77.5,197,1
822,276842,-127.1004,400,0
823,276910,116.8,68,1
824,277310,-130.9004,400,0
825,277395,114.9,85,1
826,277795,-94.0002,400,0
827,278195,-127.0004,400,0
828,278251,110.2,56,1
829,278651,-112.0003,400,0
830,279051,-87.0001,400,0
831,279451,-125.6004,400,0
832,279851,-96.7002,400,0
833,280251,-85.3001,400,0
834,280536,47.9001,285,1
835,280936,-127.2004,400,0
836,281336,-123.2004,400,0
837,281736,-105.6002,400,0
838,282136,-90.0001,400,0
839,282536,-111.6003,400,0
840,282873,40.2,337,1
841,283273,-97.3003,400,0
842,283673,-104.7002,400,0
843,284073,-107.5002,400,0
844,284473,-97.6002,400,0
845,284873,-80.3,400,0
846,285273,-116.2003,400,0
847,285673,-102.9002,400,0
848,286073,-85.4001,400,0
849,286473,-73.7,400,0
850,286873,-110.2003,400,0
851,287153,59.2,280,1
852,287243,109.8,90,1
853,287643,-118.3004,400,0
854,288043,-89.0003,400,0
855,288182,113.9,139,1
856,288278,112.6,96,1
857,288678,-124.0004,400,0
858,289078,-92.5002,400,0
859,289239,96.3,161,1
860,289639,-103.5003,400,0
861,290039,-107.8003,400,0
862,290434,25.2998,395,1
863,290492,115.0,58,1
864,290892,-119.6004,400,0
865,290970,113.6,78,1
866,291370,-122.5004,400,0
867,291770,-79.9002,400,0
868,292170,-107.2003,400,0
869,292570,-121.1003,400,0
870,292970,-112.1002,400,0
871,293063,114.1,93,1
872,293136,109.9,73,1
873,293200,118.2,64,1
874,293600,-130.3004,400,0
875,293797,76.7,197,1
876,294197,-92.7001,400,0
877,294597,-116.3003,400,0
878,294660,108.3,63,1
879,295060,-110.3002,400,0
880,295460,-88.2001,400,0
881,295860,-120.9004,400,0
882,296260,-103.6002,400,0
883,296660,-110.5002,400,0
884,296780,104.6,120,1
885,297180,-92.7002,400,0
886,297325,101.1,145,1
887,297725,-100.7002,400,0
888,298125,-101.7003,400,0
889,298525,-111.8003,400,0
890,298759,77.8,234,1
891,299159,-100.3002,400,0
892,299559,-104.4003,400,0
893,299959,-128.3004,400,0
894,300359,-105.2003,400,0
895,300759,-93.3002,400,0
896,301159,-119.6004,400,0
897,301559,-93.2001,400,0
898,301869,60.4001,310,1
899,302269,-72.3999,400,0
900,302669,-111.0004,400,0
901,303052,27.1998,383,1
902,303122,116.2,70,1
903,303329,86.3,207,1
904,303729,-87.8001,400,0
905,304046,56.7001,317,1
906,304158,108.0,112,1
907,304558,-105.7002,400,0
908,304958,-87.4001,400,0
909,305056,117.0,98,1
910,305456,-98.6002,400,0
911,305856,-95.9001,400,0
912,306056,88.6,200,1
913,306107,116.9,51,1
914,306507,-116.0003,400,0
915,306566,119.7,59,1
916,306966,-121.2004,400,0
917,307366,-80.0002,400,0
918,307766,-99.9002,400,0
919,308166,-69.4999,400,0
920,308566,-125.1005,400,0
921,308638,120.0,72,1
922,308712,110.4,74,1
923,308792,112.9,80,1
924,309192,-97.1001,400,0
925,309361,88.7,169,1
926,309761,-93.2001,400,0
927,310161,-108.9003,400,0
928,310225,108.4,64,1
929,310625,-88.2002,400,0
930,311025,-77.2,400,0
931,311131,108.8,106,1
932,311531,-105.9002,400,0
933,311931,-104.2002,400,0
934,312089,92.8,158,1
935,312489,-95.8002,400,0
936,312796,48.5,307,1
937,313196,-99.6003,400,0
938,313596,-96.0003,400,0
939,313996,-110.4003,400,0
940,314189,89.7,193,1
941,314350,100.5,161,1
942,314750,-107.7003,400,0
943,315150,-98.5002,400,0
944,315550,-109.6003,400,0
945,315950,-82.7001,400,0
946,316350,-112.6003,400,0
947,316750,-98.1002,400,0
948,316959,94.5,209,1
949,317359,-91.9001,400,0
950,317759,-112.8003,400,0
951,318159,-87.8002,400,0
952,318221,118.6,62,1
953,318621,-97.0002,400,0
954,319021,-86.3,400,0
955,319159,113.6,138,1
956,319306,94.5,147,1
957,319706,-108.1003,400,0
958,320106,-93.6002,400,0
959,320193,120.7,87,1
960,320394,97.7,201,1
961,320794,-91.1001,400,0
962,320938,104.8,144,1
963,320980,120.0,42,1
964,321380,-115.8004,400,0
965,321431,121.9,51,1
966,321831,-122.7004,400,0
967,322231,-119.1004,400,0
968,322631,-108.0002,400,0
969,323031,-100.0002,400,0
970,323152,108.3,121,1
971,323552,-120.4003,400,0
972,323629,108.9,77,1
973,323714,110.5,85,1
974,324114,-68.7999,400,0
975,324372,59.4001,258,1
976,324772,-94.9001,400,0
977,325172,-113.0004,400,0
978,325223,112.1,51,1
979,325623,-110.9002,400,0
980,326023,-85.0001,400,0
981,326078,125.5,55,1
982,326478,-110.9002,400,0
983,326878,-121.6004,400,0
984,326991,107.1,113,1
985,327391,-96.8002,400,0
986,327628,72.8,237,1
987,328028,-102.9002,400,0
988,328428,-102.8003,400,0
989,328828,-116.3004,400,0
990,329031,87.1,203,1
991,329403,25.1999,372,1
992,329803,-112.6003,400,0
993,330203,-107.1003,400,0
994,330603,-109.9004,400,0
995,331003,-49.0999,400,0
996,331403,-119.9003,400,0
997,331803,-97.8003,400,0
998,332033,85.4,230,1
999,332433,-79.2,400,0
1000,332833,-111.0003,400,0
1001,333055,79.8,222,1
1002,333152,106.5,97,1
1003,333227,129.1,75,1
1004,333627,-91.0001,400,0
1005,333880,72.9,253,1
1006,334055,86.6,175,1
1007,334455,-107.8003,400,0
1008,334855,-94.0002,400,0
1009,334990,104.3,135,1
1010,335390,-88.6001,400,0
1011,335790,-88.3001,400,0
1012,335933,105.7,143,1
1013,336011,107.2,78,1
1014,336411,-119.2003,400,0
1015,336476,117.3,65,1
1016,336876,-136.9004,400,0
1017,337276,-114.4003,400,0
1018,337676,-86.6001,400,0
1019,338076,-104.4002,400,0
1020,338476,-112.1003,400,0
1021,338624,94.6,148,1
1022,339024,-125.6004,400,0
1023,339070,123.6,46,1
1024,339470,-107.9004,400,0
1025,339870,-111.7003,400,0
1026,340082,102.2,212,1
1027,340482,-97.8003,400,0
1028,340532,112.0,50,1
1029,340932,-68.4999,400,0
1030,341332,-75.4001,400,0
1031,341463,99.4,131,1
1032,341863,-105.6002,400,0
1033,342263,-107.6003,400,0
1034,342386,103.3,123,1
1035,342786,-100.0002,400,0
1036,343186,-135.7004,400,0
1037,343586,-111.1003,400,0
1038,343986,-112.5003,400,0
1039,344386,-124.5004,400,0
1040,344786,-110.4003,400,0
1041,344964,92.2,178,1
1042,345364,-112.0002,400,0
1043,345764,-133.3005,400,0
1044,346164,-119.9003,400,0
1045,346564,-62.8,400,0
1046,346964,-111.7003,400,0
1047,347364,-141.8004,400,0
1048,347764,-93.6002,400,0
1049,348164,-118.6003,400,0
1050,348564,-107.2003,400,0
1051,348741,93.5,177,1
1052,349141,-117.3003,400,0
1053,349241,120.2,100,1
1054,349641,-91.7001,400,0
1055,350041,-102.9002,400,0
1056,350297,60.2,256,1
1057,350697,-106.2003,400,0
1058,351097,-88.6001,400,0
1059,351233,105.8,136,1
1060,351633,-89.1,400,0
1061,352033,-91.6,400,0
1062,352196,98.3,163,1
1063,352254,115.2,58,1
1064,352654,-110.6003,400,0
1065,352736,111.8,82,1
1066,353136,-125.8004,400,0
1067,353536,-112.8002,400,0
1068,353936,-103.4002,400,0
1069,354336,-101.2002,400,0
1070,354736,-108.9002,400,0
1071,355136,-121.0004,400,0
1072,355536,-118.9004,400,0
1073,355588,121.8,52,1
1074,355988,-135.4004,400,0
1075,356076,114.2,88,1
1076,356291,100.5,215,1
1077,356691,-115.5003,400,0
1078,356721,118.8,30,1
1079,357121,-112.3002,400,0
1080,357521,-83.0001,400,0
1081,357714,77.8,193,1
1082,358114,-99.5002,400,0
1083,358514,-112.3003,400,0
1084,358567,126.1,53,1
1085,358967,-85.0001,400,0
1086,359367,-105.8002,400,0
1087,359767,-111.6002,400,0
1088,360167,-97.5002,400,0
1089,360567,-120.1004,400,0
1090,360967,-127.6004,400,0
1091,361367,-109.0003,400,0
1092,361767,-107.6003,400,0
1093,362167,-127.9005,400,0
1094,362567,-98.9002,400,0
1095,362967,-121.0003,400,0
1096,363314,51.3001,347,1
1097,363714,-93.9001,400,0
1098,364114,-98.9001,400,0
1099,364514,-106.4003,400,0
1100,364914,-100.6003,400,0
1101,365113,89.9,199,1
1102,365513,-113.3003,400,0
1103,365793,63.6001,280,1
1104,366193,-77.7,400,0
1105,366312,119.5,119,1
1106,366413,111.3,101,1
1107,366813,-113.8004,400,0
1108,367213,-92.9001,400,0
1109,367291,123.4,78,1
1110,367623,54.4001,332,1
1111,368023,-85.6001,400,0
1112,368346,48.9001,323,1
1113,368391,119.1,45,1
1114,368791,-113.1004,400,0
1115,368848,119.9,57,1
1116,369248,-125.1004,400,0
1117,369648,-107.2004,400,0
1118,370048,-97.4002,400,0
1119,370448,-94.8003,400,0
1120,370717,59.7,269,1
1121,370822,110.1,105,1
1122,370901,107.7,79,1
1123,370959,119.6,58,1
1124,371359,-99.7002,400,0
1125,371682,37.4999,323,1
1126,372082,-85.7001,400,0
1127,372482,-111.0003,400,0
1128,372539,110.7,57,1
1129,372939,-106.4003,400,0
1130,373339,-83.0001,400,0
1131,373613,50.6,274,1
1132,374013,-100.3002,400,0
1133,374413,-115.7004,400,0
1134,374675,55.6,262,1
1135,375075,-96.5002,400,0
1136,375475,-99.1002,400,0
1137,375875,-122.7004,400,0
1138,376275,-120.9004,400,0
1139,376675,-117.7004,400,0
1140,376985,56.6001,310,1
1141,377385,-138.3004,400,0
1142,377785,-111.9003,400,0
1143,378185,-99.6002,400,0
1144,378585,-105.2003,400,0
1145,378985,-84.3001,400,0
1146,379385,-100.4003,400,0
1147,379785,-77.6001,400,0
1148,380185,-85.7001,400,0
1149,380585,-110.2003,400,0
1150,380904,61.0001,319,1
1151,381304,-113.4002,400,0
1152,381635,29.8999,331,1
1153,381812,94.3,177,1
1154,382212,-84.3001,400,0
1155,382612,-98.7003,400,0
1156,382683,120.1,71,1
1157,383083,-122.4004,400,0
1158,383483,-87.1001,400,0
1159,383570,120.4,87,1
1160,383970,-83.1,400,0
1161,384370,-122.4004,400,0
1162,384770,-93.5001,400,0
1163,384852,107.4,82,1
1164,385252,-114.9003,400,0
1165,385316,117.2,64,1
1166,385716,-123.4004,400,0
1167,386116,-105.2002,400,0
1168,386516,-103.0002,400,0
1169,386916,-121.6004,400,0
1170,387316,-125.9004,400,0
1171,387716,-121.0004,400,0
1172,388116,-112.5003,400,0
1173,388165,122.7,49,1
1174,388565,-131.9004,400,0
1175,388668,109.5,103,1
1176,389068,-89.3002,400,0
1177,389468,-113.4004,400,0
1178,389547,103.1,79,1
1179,389947,-109.0003,400,0
1180,390347,-82.0001,400,0
1181,390561,72.3,214,1
1182,390961,-81.0001,400,0
1183,391175,102.4,214,1
1184,391289,106.8,114,1
1185,391689,-98.9002,400,0
1186,392089,-131.5005,400,0
1187,392489,-102.9003,400,0
1188,392889,-116.3005,400,0
1189,393289,-121.2004,400,0
1190,393689,-126.0004,400,0
1191,393896,85.5,207,1
1192,394296,-109.9004,400,0
1193,394696,-96.5002,400,0
1194,395096,-103.9002,400,0
1195,395496,-75.7,400,0
1196,395896,-75.8001,400,0
1197,396296,-88.0001,400,0
1198,396696,-99.8003,400,0
1199,397096,-84.5001,400,0
1200,397496,-138.3004,400,0
1201,397896,-113.1003,400,0
1202,398104,69.0,208,1
1203,398504,-93.5002,400,0
1204,398904,-80.8001,400,0
1205,399138,79.2,234,1
1206,399237,112.1,99,1
1207,399637,-111.7003,400,0
1208,400037,-72.4,400,0
1209,400118,122.1,81,1
1210,400518,-84.6001,400,0
1211,400918,-103.8003,400,0
1212,401318,-107.9002,400,0
1213,401541,60.3001,223,1
1214,401754,98.7,213,1
1215,401811,119.9,57,1
1216,402211,-130.4004,400,0
1217,402611,-74.6001,400,0
1218,403011,-113.4003,400,0
1219,403411,-64.3999,400,0
1220,403811,-116.7004,400,0
1221,404211,-119.1003,400,0
1222,404611,-115.9004,400,0
1223,404654,124.3,43,1
1224,405054,-129.7004,400,0
1225,405118,122.2,64,1
1226,405347,96.5,229,1
1227,405747,-117.6004,400,0
1228,405800,111.5,53,1
1229,406200,-113.2003,400,0
1230,406600,-85.7001,400,0
1231,406864,53.3,264,1
1232,407264,-100.6003,400,0
1233,407664,-110.3003,400,0
1234,407759,111.3,95,1
1235,408159,-94.9002,400,0
1236,408555,15.3998,396,1
1237,408955,-103.0003,400,0
1238,409355,-104.6002,400,0
1239,409755,-121.9004,400,0
1240,409852,121.1,97,1
1241,410045,88.5,193,1
1242,410445,-114.0004,400,0
1243,410845,-87.8001,400,0
1244,411245,-106.0002,400,0
1245,411645,-87.5002,400,0
1246,412045,-90.9003,400,0
1247,412445,-92.3002,400,0
1248,412845,-87.9002,400,0
1249,413245,-74.6,400,0
1250,413517,70.3,272,1
1251,413827,52.8001,310,1
1252,413966,93.3,139,1
1253,414366,-95.3002,400,0
1254,414766,-91.5003,400,0
1255,415166,-102.0003,400,0
1256,415227,123.9,61,1
1257,415627,-109.6003,400,0
1258,416027,-92.2002,400,0
1259,416128,115.1,101,1
1260,416300,107.2,172,1
1261,416700,-89.0001,400,0
1262,416842,106.6,142,1
1263,416892,117.0,50,1
1264,417216,59.2001,324,1
1265,417298,112.2,82,1
1266,417698,-132.0004,400,0
1267,418098,-81.1,400,0
1268,418498,-107.8003,400,0
1269,418898,-68.4,400,0
1270,419298,-135.9005,400,0
1271,419407,107.5,109,1
1272,419807,-134.2004,400,0
1273,419856,122.5,49,1
1274,420256,-96.6002,400,0
1275,420414,90.0,158,1
1276,420814,-96.6002,400,0
1277,421214,-113.8004,400,0
1278,421261,112.9,47,1
1279,421661,-70.7999,400,0
1280,422061,-77.2999,400,0
1281,422288,66.5,227,1
1282,422688,-94.2002,400,0
1283,423088,-113.8003,400,0
1284,423182,112.8,94,1
1285,423582,-98.3002,400,0
1286,423939,27.2999,357,1
1287,424138,105.7,199,1
1288,424538,-107.0002,400,0
1289,424938,-129.5004,400,0
1290,425035,120.2,97,1
1291,425330,54.2001,295,1
1292,425730,-109.8003,400,0
1293,426130,-105.3002,400,0
1294,426530,-108.0003,400,0
1295,426930,-62.9,400,0
1296,427330,-81.8003,400,0
1297,427730,-95.5001,400,0
1298,428130,-92.9002,400,0
1299,428530,-77.3,400,0
1300,428928,30.0998,398,1
1301,429197,63.5,269,1
1302,429324,96.7,127,1
1303,429491,96.7,167,1
1304,429891,-92.7001,400,0
1305,429984,128.0,93,1
1306,430089,108.1,105,1
1307,430489,-110.8002,400,0
1308,430889,-92.1002,400,0
1309,430955,127.2,66,1
1310,431135,103.9,180,1
1311,431535,-91.4001,400,0
1312,431788,67.9001,253,1
1313,431823,122.1,35,1
1314,432119,68.0001,296,1
1315,432167,122.8,48,1
1316,432567,-127.1004,400,0
1317,432967,-92.8002,400,0
1318,433367,-108.4002,400,0
1319,433767,-74.3,400,0
1320,434167,-133.4004,400,0
1321,434236,120.9,69,1
1322,434636,-126.0004,400,0
1323,434682,123.6,46,1
1324,435082,-113.4003,400,0
1325,435211,99.9,129,1
1326,435444,95.3,233,1
1327,435844,-123.8004,400,0
1328,435873,119.1,29,1
1329,436273,-96.0002,400,0
1330,436673,-89.6001,400,0
1331,436781,106.8,108,1
1332,437181,-80.2001,400,0
1333,437581,-112.6003,400,0
1334,437659,117.5,78,1
1335,438059,-104.8003,400,0
1336,438317,60.8,258,1
1337,438462,125.1,145,1
1338,438862,-96.8002,400,0
1339,439262,-121.6004,400,0
1340,439327,132.3,65,1
1341,439501,97.6,174,1
1342,439901,-111.5003,400,0
1343,440301,-106.8002,400,0
1344,440701,-103.9003,400,0
1345,441101,-91.6001,400,0
1346,441355,76.8,254,1
1347,441755,-73.1999,400,0
1348,442155,-84.0001,400,0
1349,442555,-88.4003,400,0
1350,442952,38.8,397,1
1351,443352,-100.1002,400,0
1352,443752,-119.1003,400,0
1353,443846,123.2,94,1
1354,444246,-83.1,400,0
1355,444646,-102.3002,400,0
1356,444698,126.4,52,1
1357,445098,-114.6003,400,0
1358,445498,-75.7,400,0
1359,445734,69.9001,236,1
1360,446134,-133.9004,400,0
1361,446534,-125.1004,400,0
1362,446934,-103.5003,400,0
1363,447334,-129.1004,400,0
1364,447734,-98.1002,400,0
1365,448134,-133.2005,400,0
1366,448534,-140.2003,400,0
1367,448934,-104.4003,400,0
1368,449334,-95.1002,400,0
1369,449734,-106.9002,400,0
1370,449805,125.1,71,1
1371,450205,-112.6003,400,0
1372,450605,-111.1003,400,0
1373,450647,124.8,42,1
1374,451047,-135.0004,400,0
1375,451127,117.6,80,1
1376,451306,113.7,179,1
1377,451706,-116.0003,400,0
1378,452106,-108.3003,400,0
1379,452506,-114.3003,400,0
1380,452906,-78.9,400,0
1381,453306,-128.0004,400,0
1382,453706,-77.7,400,0
1383,454106,-99.3003,400,0
1384,454506,-108.8003,400,0
1385,454906,-121.7004,400,0
1386,455306,-118.9004,400,0
1387,455706,-108.5003,400,0
1388,456106,-96.2001,400,0
1389,456506,-108.8003,400,0
1390,456906,-99.0002,400,0
1391,457063,101.7,157,1
1392,457463,-112.1003,400,0
1393,457863,-123.2004,400,0
1394,458263,-105.3003,400,0
1395,458663,-102.6002,400,0
1396,459040,35.7998,377,1
1397,459440,-99.9002,400,0
1398,459840,-87.0001,400,0
1399,459937,136.5,97,1
1400,460326,36.1998,389,1
1401,460726,-99.4003,400,0
1402,460800,113.0,74,1
1403,460979,91.1,179,1
1404,461327,46.3,348,1
1405,461727,-112.5003,400,0
1406,461818,113.9,91,1
1407,462218,-126.6004,400,0
1408,462618,-97.0002,400,0
1409,462686,125.8,68,1
1410,462826,117.6,140,1
1411,463226,-93.8002,400,0
1412,463335,116.1,109,1
1413,463369,122.4,34,1
1414,463546,107.7,177,1
1415,463605,119.3,59,1
1416,464005,-137.3004,400,0
1417,464405,-85.7001,400,0
1418,464805,-114.4003,400,0
1419,465205,-74.5,400,0
1420,465287,120.7,82,1
1421,465366,116.7,79,1
1422,465411,118.5,45,1
1423,465467,120.0,56,1
1424,465867,-100.9002,400,0
1425,465950,116.1,83,1
1426,466350,-97.6002,400,0
1427,466750,-119.5004,400,0
1428,466777,119.7,27,1
1429,467177,-75.7001,400,0
1430,467577,-83.6001,400,0
1431,467655,117.0,78,1
1432,468055,-107.1002,400,0
1433,468455,-135.1004,400,0
1434,468584,100.0,129,1
1435,468984,-105.1002,400,0
1436,469384,-111.2003,400,0
1437,469784,-123.3004,400,0
1438,470184,-108.0003,400,0
1439,470584,-125.0004,400,0
1440,470664,126.9,80,1
1441,470983,40.9,319,1
1442,471383,-108.1003,400,0
1443,471783,-99.6003,400,0
1444,472183,-106.7003,400,0
1445,472583,-87.7,400,0
1446,472711,120.3,128,1
1447,473111,-112.0004,400,0
1448,473511,-82.4,400,0
1449,473911,-71.4,400,0
1450,474311,-101.8002,400,0
1451,474711,-103.2002,400,0
1452,475111,-127.5003,400,0
1453,475511,-89.0001,400,0
1454,475911,-84.5,400,0
1455,476311,-105.5002,400,0
1456,476401,112.8,90,1
1457,476801,-116.1003,400,0
1458,477201,-78.5,400,0
1459,477295,116.8,94,1
1460,477695,-77.4999,400,0
1461,478095,-125.1005,400,0
1462,478495,-109.2003,400,0
1463,478540,118.7,45,1
1464,478642,134.4,102,1
1465,478707,117.5,65,1
1466,479107,-136.3004,400,0
1467,479507,-86.4001,400,0
1468,479907,-104.4003,400,0
1469,480307,-109.2003,400,0
1470,480459,94.8,152,1
1471,480859,-115.3004,400,0
1472,481259,-113.7003,400,0
1473,481301,124.8,42,1
1474,481701,-98.6002,400,0
1475,481749,127.8,48,1
1476,481843,142.6,94,1
1477,482243,-117.7004,400,0
1478,482643,-108.2003,400,0
1479,483043,-113.0003,400,0
1480,483443,-76.2,400,0
1481,483502,124.0,59,1
1482,483902,-87.3001,400,0
1483,484302,-105.0002,400,0
1484,484354,126.4,52,1
1485,484754,-123.3004,400,0
1486,484979,67.1,225,1
1487,485069,143.4,90,1
1488,485469,-104.8003,400,0
1489,485869,-118.8004,400,0
1490,485995,110.2,126,1
1491,486089,121.4,94,1
1492,486489,-117.6003,400,0
1493,486889,-97.1002,400,0
1494,487289,-109.6003,400,0
1495,487689,-63.8001,400,0
1496,488017,47.6,328,1
1497,488417,-84.4002,400,0
1498,488817,-91.6001,400,0
1499,489217,-83.5001,400,0
1500,489617,-82.5002,400,0
1501,490017,-99.0002,400,0
1502,490069,120.8,52,1
1503,490164,120.9,95,1
1504,490564,-87.5,400,0
1505,490681,119.1,117,1
1506,490736,125.5,55,1
1507,491136,-106.5002,400,0
1508,491536,-92.6002,400,0
1509,491611,123.1,75,1
1510,492011,-82.9,400,0
1511,492411,-91.6001,400,0
1512,492811,-107.0003,400,0
1513,492852,119.9,41,1
1514,493252,-112.5004,400,0
1515,493652,-143.4004,400,0
1516,494052,-85.0002,400,0
1517,494452,-128.0004,400,0
1518,494852,-107.9003,400,0
1519,495252,-108.0003,400,0
1520,495652,-115.2003,400,0
1521,496052,-120.1004,400,0
1522,496452,-116.7004,400,0
1523,496496,124.0,44,1
1524,496896,-135.1005,400,0
1525,496959,122.9,63,1
1526,497359,-91.8002,400,0
1527,497759,-120.0004,400,0
1528,498159,-110.8004,400,0
1529,498559,-112.5003,400,0
1530,498959,-85.9001,400,0
1531,499011,126.7,52,1
1532,499411,-107.0003,400,0
1533,499811,-129.4004,400,0
1534,499892,116.5,81,1
1535,500292,-95.9003,400,0
1536,500692,-141.6003,400,0
1537,501092,-117.4003,400,0
1538,501492,-122.5004,400,0
1539,501892,-115.3003,400,0
1540,502029,109.5,137,1
1541,502137,116.7,108,1
1542,502537,-121.1003,400,0
1543,502937,-94.9002,400,0
1544,503337,-115.2003,400,0
1545,503737,-70.8999,400,0
1546,503999,73.5,262,1
1547,504399,-74.3999,400,0
1548,504799,-85.8001,400,0
1549,504900,135.3,101,1
1550,505300,-99.8002,400,0
1551,505380,127.2,80,1
1552,505429,122.5,49,1
1553,505503,129.4,74,1
1554,505903,-93.4002,400,0
1555,506303,-93.9002,400,0
1556,506364,123.5,61,1
1557,506764,-109.9003,400,0
1558,507164,-84.5002,400,0
1559,507270,113.4,106,1
1560,507670,-79.9,400,0
1561,508070,-88.4001,400,0
1562,508268,88.2,198,1
1563,508305,121.5,37,1
1564,508430,125.9,125,1
1565,508489,118.9,59,1
1566,508889,-136.7003,400,0
1567,509005,124.2,116,1
1568,509405,-103.5004,400,0
1569,509805,-64.1999,400,0
1570,509856,131.7,51,1
1571,510256,-115.3003,400,0
1572,510656,-116.3004,400,0
1573,510693,126.3,37,1
1574,511093,-108.3004,400,0
1575,511144,126.5,51,1
1576,511480,60.0,336,1
1577,511880,-124.8003,400,0
1578,511910,118.8,30,1
1579,512310,-93.2003,400,0
1580,512710,-91.9002,400,0
1581,512766,124.6,56,1
1582,513166,-101.4002,400,0
1583,513566,-120.8005,400,0
1584,513687,101.9,121,1
1585,514087,-100.1003,400,0
1586,514363,54.6,276,1
1587,514763,-109.5003,400,0
1588,515163,-109.5004,400,0
1589,515563,-112.0003,400,0
1590,515963,-117.7004,400,0
1591,516363,-100.9001,400,0
1592,516763,-118.2003,400,0
1593,517163,-123.6004,400,0
1594,517563,-114.3004,400,0
1595,517963,-123.1005,400,0
1596,518363,-110.6004,400,0
1597,518763,-77.4001,400,0
1598,519163,-112.5003,400,0
1599,519373,97.0,210,1
1600,519773,-105.9003,400,0
1601,520173,-93.7001,400,0
1602,520245,115.0,72,1
1603,520430,88.1,185,1
1604,520830,-79.7,400,0
1605,520935,124.6,105,1
1606,521005,120.2,70,1
1607,521405,-94.7002,400,0
1608,521805,-96.1002,400,0
1609,521871,126.8,66,1
1610,522271,-78.9,400,0
1611,522671,-83.2,400,0
1612,523071,-111.7003,400,0
1613,523117,118.2,46,1
1614,523260,120.1,143,1
1615,523328,116.0,68,1
1616,523728,-112.7004,400,0
1617,524128,-78.7,400,0
1618,524528,-108.6003,400,0
1619,524928,-105.2003,400,0
1620,525328,-112.5003,400,0
1621,525728,-113.0003,400,0
1622,526128,-112.9003,400,0
1623,526171,124.5,43,1
1624,526571,-98.2002,400,0
1625,526623,126.4,52,1
1626,526799,113.8,176,1
1627,527199,-122.7003,400,0
1628,527400,65.7,201,1
1629,527800,-117.3003,400,0
1630,528200,-89.0002,400,0
1631,528432,61.0,232,1
1632,528832,-79.3,400,0
1633,528932,139.6,100,1
1634,528982,127.2,50,1
1635,529382,-95.6001,400,0
1636,529507,104.5,125,1
1637,529652,122.4,145,1
1638,530052,-106.7003,400,0
1639,530452,-113.1004,400,0
1640,530541,123.2,89,1
1641,530751,86.0,210,1
1642,531151,-120.1003,400,0
1643,531551,-103.9003,400,0
1644,531951,-108.9003,400,0
1645,532171,127.1001,220,1
1646,532510,43.2999,339,1
1647,532910,-104.0002,400,0
1648,533310,-87.6002,400,0
1649,533465,114.9,155,1
1650,533865,-108.8002,400,0
1651,533937,130.0,72,1
1652,534000,117.1,63,1
1653,534129,108.5,129,1
1654,534529,-91.8002,400,0
1655,534708,98.9,179,1
1656,534758,127.2,50,1
1657,535158,-106.0003,400,0
1658,535558,-90.7001,400,0
1659,535650,117.0,92,1
1660,535776,120.9,126,1
1661,536176,-92.9001,400,0
1662,536263,124.9,87,1
1663,536294,123.3,31,1
1664,536436,120.6,142,1
1665,536529,107.3,93,1
1666,536929,-87.0002,400,0
1667,537329,-116.5004,400,0
1668,537729,-99.8004,400,0
1669,538129,-68.8999,400,0
1670,538275,100.4,146,1
1671,538675,-114.2004,400,0
1672,538803,90.0,128,1
1673,538850,122.9,47,1
1674,539250,-100.1002,400,0
1675,539301,126.7,51,1
1676,539427,131.0,126,1
1677,539827,-122.9004,400,0
1678,539855,119.4,28,1
1679,540255,-73.4,400,0
1680,540655,-89.6001,400,0
1681,540712,124.7,57,1
1682,541112,-92.9002,400,0
1683,541512,-125.5004,400,0
1684,541569,124.5,57,1
1685,541969,-75.1001,400,0
1686,542251,47.4,282,1
1687,542439,109.4,188,1
1688,542839,-126.9004,400,0
1689,543239,-114.5005,400,0
1690,543323,124.8,84,1
1691,543723,-125.5004,400,0
1692,544123,-119.2003,400,0
1693,544523,-94.8002,400,0
1694,544923,-104.0002,400,0
1695,545323,-75.5999,400,0
1696,545723,-142.9002,400,0
1697,546123,-99.9002,400,0
1698,546523,-126.4004,400,0
1699,546923,-110.2004,400,0
1700,547323,-141.5006,400,0
1701,547723,-111.3004,400,0
1702,548123,-128.9004,400,0
1703,548523,-91.2,400,0
1704,548923,-125.3003,400,0
1705,549323,-117.8004,400,0
1706,549378,125.5,55,1
1707,549778,-106.0003,400,0
1708,550178,-74.2999,400,0
1709,550578,-140.4004,400,0
1710,550978,-77.4999,400,0
1711,551378,-113.6003,400,0
1712,551516,109.8,138,1
1713,551597,106.7,81,1
1714,551997,-107.9003,400,0
1715,552079,110.0,82,1
1716,552479,-134.6004,400,0
1717,552879,-109.8003,400,0
1718,553279,-96.2002,400,0
1719,553679,-105.8003,400,0
1720,554079,-115.7003,400,0
1721,554479,-110.6003,400,0
1722,554879,-105.7003,400,0
1723,554924,123.7,45,1
1724,555324,-133.7004,400,0
1725,555383,124.3,59,1
1726,555783,-65.0999,400,0
1727,556183,-132.8004,400,0
1728,556583,-111.1004,400,0
1729,556983,-97.7002,400,0
1730,557383,-83.9001,400,0
1731,557724,27.4999,341,1
1732,558124,-87.2001,400,0
1733,558524,-96.8002,400,0
1734,558573,127.5,49,1
1735,558973,-120.4004,400,0
1736,559373,-120.4004,400,0
1737,559514,124.9,141,1
1738,559914,-107.3005,400,0
1739,560314,-107.5003,400,0
1740,560405,122.5,91,1
1741,560805,-103.2002,400,0
1742,561205,-114.9003,400,0
1743,561605,-120.2004,400,0
1744,562005,-102.5002,400,0
1745,562405,-60.1999,400,0
1746,562805,-121.1004,400,0
1747,563205,-100.0002,400,0
1748,563605,-76.3,400,0
1749,564005,-68.8999,400,0
1750,564405,-104.8002,400,0
1751,564805,-105.5003,400,0
1752,565205,-127.4004,400,0
1753,565327,111.4,122,1
1754,565727,-78.3,400,0
1755,566127,-95.4001,400,0
1756,566178,126.5,51,1
1757,566578,-106.2003,400,0
1758,566978,-90.9002,400,0
1759,567043,126.9,65,1
1760,567443,-77.5,400,0
1761,567843,-113.0003,400,0
1762,567962,114.7,119,1
1763,568075,93.5,113,1
1764,568388,70.3001,313,1
1765,568461,113.9,73,1
1766,568861,-127.5005,400,0
1767,569261,-110.0004,400,0
1768,569661,-96.4002,400,0
1769,570061,-115.5003,400,0
1770,570123,127.4,62,1
1771,570523,-109.4003,400,0
1772,570923,-106.5003,400,0
1773,570986,118.1,63,1
1774,571386,-114.4004,400,0
1775,571451,121.5,65,1
1776,571723,83.8,272,1
1777,572123,-128.4004,400,0
1778,572150,119.7,27,1
1779,572550,-114.2002,400,0
1780,572950,-84.7001,400,0
1781,572995,128.7,45,1
1782,573395,-81.3,400,0
1783,573795,-99.7002,400,0
1784,573879,115.4,84,1
1785,574279,-81.7002,400,0
1786,574679,-126.9004,400,0
1787,574879,101.4,200,1
1788,575279,-114.2005,400,0
1789,575679,-108.3003,400,0
1790,576079,-115.5004,400,0
1791,576154,128.5,75,1
1792,576554,-120.0003,400,0
1793,576954,-122.3004,400,0
1794,577354,-103.5002,400,0
1795,577754,-76.1999,400,0
1796,578154,-112.4004,400,0
1797,578554,-89.0001,400,0
1798,578954,-73.0999,400,0
1799,579354,-66.4999,400,0
1800,579754,-104.2002,400,0
1801,580154,-101.9002,400,0
1802,580554,-126.6003,400,0
1803,580954,-87.5001,400,0
1804,581354,-78.6,400,0
1805,581754,-118.1004,400,0
1806,581812,124.0,58,1
1807,582212,-108.5003,400,0
1808,582612,-78.8,400,0
1809,582673,128.7,61,1
1810,583073,-78.0,400,0
1811,583473,-113.6003,400,0
1812,583873,-100.8002,400,0
1813,583923,117.6,50,1
1814,584323,-112.8003,400,0
1815,584381,119.4,58,1
1816,584781,-125.3004,400,0
1817,585181,-103.8002,400,0
1818,585581,-89.5001,400,0
1819,585981,-106.3003,400,0
1820,586381,-115.4004,400,0
1821,586781,-113.2004,400,0
1822,587181,-106.9003,400,0
1823,587242,118.5,61,1
1824,587642,-95.0002,400,0
1825,587695,125.7,53,1
1826,588095,-69.3,400,0
1827,588495,-125.9004,400,0
1828,588895,-108.3003,400,0
1829,589295,-112.5003,400,0
1830,589695,-84.0001,400,0
1831,589840,91.9,145,1
1832,590240,-106.1003,400,0
1833,590640,-112.7004,400,0
1834,590709,121.5,69,1
1835,591109,-96.0002,400,0
1836,591425,31.3999,316,1
1837,591761,53.1,336,1
1838,592161,-106.1003,400,0
1839,592561,-107.5003,400,0
1840,592637,128.3,76,1
1841,593037,-101.6002,400,0
1842,593437,-111.2004,400,0
1843,593837,-120.2004,400,0
1844,594237,-99.9002,400,0
1845,594637,-108.1003,400,0
1846,595037,-106.2003,400,0
1847,595437,-99.5003,400,0
1848,595837,-84.0002,400,0
1849,596237,-93.9003,400,0
1850,596637,-103.4002,400,0
1851,596736,120.1,99,1
1852,596789,120.5,53,1
1853,596865,127.8,76,1
1854,597265,-79.4,400,0
1855,597665,-118.1004,400,0
1856,597725,123.4,60,1
1857,598125,-105.8003,400,0
1858,598525,-93.5002,400,0
1859,598678,96.7,153,1
1860,599078,-78.9,400,0
1861,599478,-86.5001,400,0
1862,599590,117.2,112,1
1863,599629,120.9,39,1
1864,599730,135.1,101,1
1865,599784,120.8,54,1
1866,600184,-135.1004,400,0
1867,600584,-88.0001,400,0
1868,600984,-103.6002,400,0
1869,601384,-75.8,400,0
1870,601784,-128.1004,400,0
1871,602184,-119.4004,400,0
1872,602584,-119.3006,400,0
1873,602630,123.6,46,1
1874,603030,-82.8001,400,0
1875,603087,124.7,57,1
1876,603374,75.3,287,1
1877,603774,-124.8004,400,0
1878,603806,118.2,32,1
1879,604206,-72.7,400,0
1880,604606,-77.7001,400,0
1881,604709,109.4,103,1
1882,605109,-103.6003,400,0
1883,605509,-134.2004,400,0
1884,605909,-131.1004,400,0
1885,606309,-78.2001,400,0
1886,606458,98.5,149,1
1887,606858,-107.1002,400,0
1888,607258,-107.0003,400,0
1889,607658,-114.1003,400,0
1890,607735,127.5,77,1
1891,608135,-107.4003,400,0
1892,608535,-106.9003,400,0
1893,608935,-127.8004,400,0
1894,609335,-109.5003,400,0
1895,609735,-82.4001,400,0
1896,610135,-118.3003,400,0
1897,610535,-89.7001,400,0
1898,610935,-94.1002,400,0
1899,611335,-78.6,400,0
1900,611490,110.3,155,1
1901,611890,-126.4004,400,0
1902,611977,109.1,87,1
1903,612104,109.5,127,1
1904,612481,37.0,377,1
1905,612881,-104.2002,400,0
1906,612930,127.5,49,1
1907,613120,122.0,190,1
1908,613520,-75.4001,400,0
1909,613607,118.7,87,1
1910,613684,137.5,77,1
1911,614084,-96.2002,400,0
1912,614164,127.0,80,1
1913,614205,119.9,41,1
1914,614605,-106.3002,400,0
1915,614662,119.9,57,1
1916,615062,-134.4004,400,0
1917,615462,-91.4002,400,0
1918,615862,-97.2002,400,0
1919,616262,-106.3003,400,0
1920,616334,124.4,72,1
1921,616391,124.7,57,1
1922,616791,-117.2005,400,0
1923,616830,125.7,39,1
1924,617230,-78.1,400,0
1925,617280,126.8,50,1
1926,617540,87.0,260,1
1927,617940,-123.4004,400,0
1928,617969,119.1,29,1
1929,618369,-64.4999,400,0
1930,618769,-84.5001,400,0
1931,618839,119.9,70,1
1932,619239,-84.4001,400,0
1933,619639,-134.3004,400,0
1934,619797,90.0,158,1
1935,620197,-122.4004,400,0
1936,620597,-121.0004,400,0
1937,620997,-121.0003,400,0
1938,621397,-100.4002,400,0
1939,621797,-109.4003,400,0
1940,621983,93.2,186,1
1941,622383,-108.2003,400,0
1942,622783,-119.9004,400,0
1943,623183,-121.1004,400,0
1944,623583,-115.9003,400,0
1945,623983,-85.0002,400,0
1946,624320,50.2999,337,1
1947,624720,-74.7999,400,0
1948,624804,135.6,84,1
1949,624972,109.3,168,1
1950,625372,-99.6002,400,0
1951,625511,107.1,139,1
1952,625911,-116.5003,400,0
1953,626003,123.4,92,1
1954,626324,52.1,321,1
1955,626724,-101.6003,400,0
1956,626794,120.5,70,1
1957,627194,-79.6,400,0
1958,627594,-93.2002,400,0
1959,627659,127.5,65,1
1960,628059,-76.6,400,0
1961,628459,-94.1001,400,0
1962,628522,132.7,63,1
1963,628558,121.6,36,1
1964,628640,140.8,82,1
1965,628685,123.9,45,1
1966,629085,-134.7003,400,0
1967,629261,100.8,176,1
1968,629661,-95.8003,400,0
1969,630061,-104.9002,400,0
1970,630145,120.0,84,1
1971,630224,117.1,79,1
1972,630624,-112.8004,400,0
1973,630667,124.5,43,1
1974,631067,-100.4002,400,0
1975,631148,116.1,81,1
1976,631545,39.3,397,1
1977,631945,-123.8004,400,0
1978,631971,120.0,26,1
1979,632371,-66.6999,400,0
1980,632771,-83.9001,400,0
1981,632820,127.5,49,1
1982,633220,-79.5,400,0
1983,633620,-123.6004,400,0
1984,633665,128.7,45,1
1985,634065,-90.3001,400,0
1986,634168,112.7,103,1
1987,634568,-111.9003,400,0
1988,634968,-100.8003,400,0
1989,635368,-114.9002,400,0
1990,635433,132.1,65,1
1991,635513,126.6,80,1
1992,635913,-118.1003,400,0
1993,636313,-95.0002,400,0
1994,636713,-99.3002,400,0
1995,637113,-80.9001,400,0
1996,637411,60.4,298,1
1997,637811,-94.6002,400,0
1998,638211,-92.9002,400,0
1999,638362,117.3,151,1
2000,638762,-109.5003,400,0
2001,638926,98.4,164,1
2002,639088,80.4,162,1
2003,639168,126.6,80,1
2004,639513,46.2,345,1
2005,639661,108.1,148,1
2006,639713,126.0,52,1
2007,640113,-105.3003,400,0
2008,640513,-83.1001,400,0
2009,640913,-128.8004,400,0
2010,641313,-98.4002,400,0
2011,641713,-92.9002,400,0
2012,642113,-106.4002,400,0
2013,642146,122.7,33,1
2014,642546,-116.2004,400,0
2015,642946,-135.8004,400,0
2016,643346,-137.9004,400,0
2017,643746,-81.6002,400,0
2018,643989,88.1,243,1
2019,644389,-98.8002,400,0
2020,644475,119.4,86,1
2021,644550,118.5,75,1
2022,644614,112.2,64,1
2023,644662,122.6,48,1
2024,645062,-84.8001,400,0
2025,645208,96.2,146,1
2026,645374,119.2,166,1
2027,645774,-116.0003,400,0
2028,645822,112.6,48,1
2029,646222,-73.7,400,0
2030,646622,-79.2001,400,0
2031,646687,122.1,65,1
2032,647087,-85.6001,400,0
2033,647487,-104.3002,400,0
2034,647537,127.2,50,1
2035,647937,-94.8001,400,0
2036,648337,-125.8004,400,0
2037,648479,123.3,142,1
2038,648879,-105.2003,400,0
2039,649279,-108.3004,400,0
2040,649679,-115.8004,400,0
2041,650079,-101.2002,400,0
2042,650479,-108.0003,400,0
2043,650879,-105.6002,400,0
2044,651279,-100.1002,400,0
2045,651679,-48.5999,400,0
2046,651830,110.8,151,1
2047,652230,-87.4001,400,0
2048,652303,139.5,73,1
2049,652703,-73.2,400,0
2050,653103,-108.2003,400,0
2051,653255,102.4,152,1
2052,653356,104.5,101,1
2053,653480,110.6,124,1
2054,653880,-93.6002,400,0
2055,653973,127.5,93,1
2056,654021,127.8,48,1
2057,654421,-108.2003,400,0
2058,654821,-93.9001,400,0
2059,654951,107.2,130,1
2060,655351,-80.2,400,0
2061,655751,-86.2001,400,0
2062,655833,126.0,82,1
2063,655900,110.9,67,1
2064,656101,103.3,201,1
2065,656157,119.8,56,1
2066,656557,-139.9004,400,0
2067,656957,-84.5001,400,0
2068,657357,-108.9003,400,0
2069,657757,-103.7002,400,0
2070,657806,132.3,49,1
2071,658206,-110.9003,400,0
2072,658300,101.0,94,1
2073,658347,123.1,47,1
2074,658747,-84.2,400,0
2075,658817,120.0,70,1
2076,659182,47.9,365,1
2077,659582,-131.9003,400,0
2078,659616,117.6,34,1
2079,660016,-89.7002,400,0
2080,660416,-89.0001,400,0
2081,660494,117.1,78,1
2082,660894,-82.3001,400,0
2083,661088,108.2,194,1
2084,661148,124.0,60,1
2085,661548,-97.6002,400,0
2086,661670,107.4,122,1
2087,661805,126.9,135,1
2088,662205,-94.6002,400,0
2089,662605,-93.9001,400,0
2090,662706,120.3,101,1
2091,662950,72.0001,244,1
2092,663350,-118.7003,400,0
2093,663750,-97.7003,400,0
2094,664150,-110.8004,400,0
2095,664550,-63.1,400,0
2096,664950,-129.5004,400,0
2097,665350,-90.6001,400,0
2098,665548,96.2,198,1
2099,665789,90.7,241,1
2100,666189,-112.3002,400,0
2101,666589,-86.0,400,0
2102,666989,-101.6002,400,0
2103,667057,130.6,68,1
2104,667457,-81.6,400,0
2105,667857,-83.9,400,0
2106,667954,111.7,97,1
2107,668354,-114.5003,400,0
2108,668754,-89.5002,400,0
2109,668874,110.4,120,1
2110,669274,-83.7,400,0
2111,669674,-88.6001,400,0
2112,669738,132.2,64,1
2113,669777,120.9,39,1
2114,669853,143.4,76,1
2115,669904,122.1,51,1
2116,670304,-138.7004,400,0
2117,670704,-87.4001,400,0
2118,671104,-97.4002,400,0
2119,671504,-97.9002,400,0
2120,671552,132.6,48,1
2121,671601,127.5,49,1
2122,671676,107.7,75,1
2123,671715,125.7,39,1
2124,671961,88.6,246,1
2125,672012,126.5,51,1
2126,672120,137.8,108,1
2127,672520,-128.6003,400,0
2128,672548,119.4,28,1
2129,672948,-77.2,400,0
2130,673348,-84.9001,400,0
2131,673423,118.7,75,1
2132,673823,-98.9002,400,0
2133,673937,134.6,114,1
2134,673996,124.1,59,1
2135,674396,-72.4001,400,0
2136,674565,89.5,169,1
2137,674965,-105.8002,400,0
2138,675365,-106.0002,400,0
2139,675765,-100.5003,400,0
2140,675985,83.7,220,1
2141,676385,-106.2003,400,0
2142,676785,-99.4002,400,0
2143,677185,-98.6002,400,0
2144,677585,-102.7003,400,0
2145,677985,-67.6,400,0
2146,678335,39.5998,350,1
2147,678735,-88.6002,400,0
2148,678857,122.6,122,1
2149,678951,136.9,94,1
2150,679351,-107.6003,400,0
2151,679496,103.9,145,1
2152,679718,58.0,222,1
2153,679794,127.6,76,1
2154,680194,-93.2002,400,0
2155,680349,106.9,155,1
2156,680400,126.9,51,1
2157,680800,-79.4999,400,0
2158,681200,-89.2002,400,0
2159,681283,120.9,83,1
2160,681378,132.5,95,1
2161,681778,-90.2001,400,0
2162,681860,126.2,82,1
2163,681895,122.1,35,1
2164,682017,127.6,122,1
2165,682065,123.0,48,1
2166,682465,-140.0003,400,0
2167,682865,-87.0001,400,0
2168,683265,-86.2001,400,0
2169,683665,-73.4999,400,0
2170,683749,121.2,84,1
2171,683814,122.7,65,1
2172,683870,114.6,56,1
2173,683920,122.4,50,1
2174,684320,-85.8002,400,0
2175,684363,129.3,43,1
2176,684515,122.8,152,1
2177,684915,-126.2004,400,0
2178,684950,117.3,35,1
2179,685350,-68.6,400,0
2180,685750,-83.8001,400,0
2181,685801,126.9,51,1
2182,685974,112.7,173,1
2183,686374,-133.5004,400,0
2184,686473,110.5,99,1
2185,686873,-98.7002,400,0
2186,686979,111.6,106,1
2187,687196,99.0,217,1
2188,687596,-130.4004,400,0
2189,687996,-106.2002,400,0
2190,688101,117.3,105,1
2191,688212,116.1,111,1
2192,688612,-104.2003,400,0
2193,689012,-99.7002,400,0
2194,689412,-114.5003,400,0
2195,689812,-89.6001,400,0
2196,690212,-119.6004,400,0
2197,690612,-102.6003,400,0
2198,690735,123.0,123,1
2199,690824,138.8,89,1
2200,691224,-113.5003,400,0
2201,691356,109.8,132,1
2202,691397,125.1,41,1
2203,691464,130.9,67,1
2204,691864,-98.0002,400,0
2205,691965,123.9,101,1
2206,692022,124.9,57,1
2207,692332,79.4,310,1
2208,692732,-87.6001,400,0
2209,692797,126.9,65,1
2210,692936,115.7,139,1
2211,693336,-101.7002,400,0
2212,693429,121.7,93,1
2213,693461,122.8,32,1
2214,693583,126.4,122,1
2215,693634,121.9,51,1
2216,694034,-135.6004,400,0
2217,694200,104.9,166,1
2218,694538,51.8,338,1
2219,694938,-84.7001,400,0
2220,694988,132.0,50,1
2221,695039,126.9,51,1
2222,695089,116.6,50,1
2223,695129,125.4,40,1
2224,695345,97.6,216,1
2225,695386,129.9,41,1
2226,695592,104.4,206,1
2227,695992,-134.8003,400,0
2228,696021,119.1,29,1
2229,696421,-77.4001,400,0
2230,696821,-93.1002,400,0
2231,696865,129.0,44,1
2232,697265,-91.7003,400,0
2233,697441,113.0,176,1
2234,697494,125.9,53,1
2235,697866,49.2,372,1
2236,697959,116.3,93,1
2237,698174,98.1,215,1
2238,698574,-111.9003,400,0
2239,698974,-117.9004,400,0
2240,699037,132.6,63,1
2241,699178,105.3,141,1
2242,699578,-115.1003,400,0
2243,699978,-103.7003,400,0
2244,700378,-111.6003,400,0
2245,700778,-62.2,400,0
2246,701173,25.4997,395,1
2247,701573,-110.4003,400,0
2248,701683,126.2,110,1
2249,701758,143.7,75,1
2250,702158,-106.4004,400,0
2251,702231,129.9,73,1
2252,702272,125.1,41,1
2253,702327,135.3,55,1
2254,702726,25.8999,399,1
2255,702862,110.8,136,1
2256,702916,126.0,54,1
2257,703316,-90.9002,400,0
2258,703716,-95.7002,400,0
2259,703777,128.7,61,1
2260,703848,140.3,71,1
2261,704248,-99.8002,400,0
2262,704374,110.4,126,1
2263,704413,120.9,39,1
2264,704495,141.6,82,1
2265,704548,121.3,53,1
2266,704948,-138.4004,400,0
2267,705348,-86.6001,400,0
2268,705478,124.4,130,1
2269,705878,-74.5,400,0
2270,705935,129.9,57,1
2271,705999,122.6,64,1
2272,706174,74.1,175,1
2273,706244,116.4,70,1
2274,706482,91.2,238,1
2275,706529,128.1,47,1
2276,706730,106.1,201,1
2277,707130,-136.2003,400,0
2278,707196,108.0,66,1
2279,707596,-99.4003,400,0
2280,707996,-92.7001,400,0
2281,708051,124.9,55,1
2282,708174,131.9,123,1
2283,708391,97.5,217,1
2284,708439,127.8,48,1
2285,708839,-99.3002,400,0
2286,708922,119.9,83,1
2287,709103,108.8,181,1
2288,709503,-117.4003,400,0
2289,709903,-118.9003,400,0
2290,709984,126.3,81,1
2291,710080,120.8,96,1
2292,710480,-111.9003,400,0
2293,710880,-105.8002,400,0
2294,711280,-121.5004,400,0
2295,711469,137.4,189,1
2296,711644,101.5,175,1
2297,712044,-94.6002,400,0
2298,712142,131.8,98,1
2299,712221,141.9,79,1
2300,712621,-110.4002,400,0
2301,713021,-101.5002,400,0
2302,713421,-124.4003,400,0
2303,713488,130.9,67,1
2304,713888,-95.9002,400,0
2305,714288,-105.8003,400,0
2306,714339,126.9,51,1
2307,714739,-89.8002,400,0
2308,715139,-85.2001,400,0
2309,715237,114.8,98,1
2310,715637,-86.6001,400,0
2311,716037,-79.2001,400,0
2312,716114,127.3,77,1
2313,716145,123.3,31,1
2314,716282,121.5,137,1
2315,716342,118.8,60,1
2316,716742,-135.9003,400,0
2317,716873,117.8,131,1
2318,717006,123.1,133,1
2319,717406,-108.5003,400,0
2320,717458,131.2,52,1
2321,717513,125.7,55,1
2322,717647,85.6,134,1
2323,717686,125.7,39,1
2324,717838,121.0,152,1
2325,717899,122.9,61,1
2326,718016,134.3,117,1
2327,718416,-136.6003,400,0
2328,718443,119.7,27,1
2329,718843,-76.9,400,0
2330,719243,-82.6001,400,0
2331,719315,118.4,72,1
2332,719715,-94.9002,400,0
2333,719829,133.6,114,1
2334,719877,127.8,48,1
2335,720104,100.4,227,1
2336,720190,119.4,86,1
2337,720268,147.4,78,1
2338,720668,-93.8003,400,0
2339,721068,-136.3003,400,0
2340,721128,133.6,60,1
2341,721197,130.3,69,1
2342,721597,-104.5002,400,0
2343,721997,-134.2005,400,0
2344,722397,-123.5003,400,0
2345,722797,-72.9,400,0
2346,722910,124.9,113,1
2347,723310,-102.0002,400,0
2348,723710,-92.8001,400,0
2349,724110,-93.3002,400,0
2350,724267,109.1,157,1
2351,724667,-104.6002,400,0
2352,725067,-123.9003,400,0
2353,725181,113.2,114,1
2354,725384,96.9,203,1
2355,725453,135.5,69,1
2356,725519,121.6,66,1
2357,725919,-141.1003,400,0
2358,726319,-84.3001,400,0
2359,726455,104.0,136,1
2360,726855,-133.0004,400,0
2361,727255,-69.0,400,0
2362,727321,131.8,66,1
2363,727396,108.5,75,1
2364,727500,133.6,104,1
2365,727552,121.8,52,1
2366,727952,-137.9004,400,0
2367,728352,-92.6002,400,0
2368,728616,82.6,264,1
2369,729016,-101.2002,400,0
2370,729068,131.4,52,1
2371,729130,123.0,62,1
2372,729173,119.5,43,1
2373,729214,125.1,41,1
2374,729614,-78.3001,400,0
2375,729667,125.9,53,1
2376,729841,114.4,174,1
2377,730241,-128.9003,400,0
2378,730270,118.9,29,1
2379,730670,-69.6,400,0
2380,731070,-82.8001,400,0
2381,731123,126.1,53,1
2382,731523,-90.1002,400,0
2383,731923,-139.2003,400,0
2384,731994,119.3,71,1
2385,732394,-129.3005,400,0
2386,732492,114.6,98,1
2387,732617,129.7,125,1
2388,733017,-106.7003,400,0
2389,733417,-125.9003,400,0
2390,733480,132.8,63,1
2391,733537,134.7,57,1
2392,733937,-116.6003,400,0
2393,734337,-102.6002,400,0
2394,734737,-112.8003,400,0
2395,735137,-133.9004,400,0
2396,735537,-134.9004,400,0
2397,735937,-100.5002,400,0
2398,736101,107.8,164,1
2399,736501,-94.2002,400,0
2400,736673,104.2,172,1
2401,736817,106.0,144,1
2402,736899,111.0,82,1
2403,736952,135.9,53,1
2404,737201,81.9,249,1
2405,737372,98.3,171,1
2406,737473,107.7,101,1
2407,737873,-135.9004,400,0
2408,738273,-81.9001,400,0
2409,738396,106.1,123,1
2410,738796,-82.0001,400,0
2411,739196,-99.1002,400,0
2412,739263,131.5,67,1
2413,739308,119.1,45,1
2414,739548,86.6001,240,1
2415,739596,123.0,48,1
2416,739996,-140.6004,400,0
2417,740396,-77.8,400,0
2418,740507,130.5,111,1
2419,740907,-108.5002,400,0
2420,741066,93.1,159,1
2421,741466,-123.3004,400,0
2422,741655,66.1,189,1
2423,741699,124.2,44,1
2424,742099,-89.3002,400,0
2425,742143,129.0,44,1
2426,742336,110.7,193,1
2427,742736,-129.0004,400,0
2428,742771,117.3,35,1
2429,743171,-73.1999,400,0
2430,743571,-83.7001,400,0
2431,743625,125.4,54,1
2432,744025,-90.5002,400,0
2433,744144,133.9,119,1
2434,744189,128.7,45,1
2435,744589,-69.2001,400,0
2436,744688,113.7,99,1
2437,744779,142.3,91,1
2438,745179,-106.1002,400,0
2439,745579,-114.4004,400,0
2440,745635,134.8,56,1
2441,745762,112.0,127,1
2442,746162,-99.8002,400,0
2443,746562,-76.2,400,0
2444,746962,-105.6002,400,0
2445,747362,-69.5,400,0
2446,747762,-110.5003,400,0
2447,748162,-91.5001,400,0
2448,748264,129.4,102,1
2449,748664,-96.2003,400,0
2450,749064,-75.3001,400,0
2451,749141,128.3,77,1
2452,749238,105.1,97,1
2453,749306,130.8,68,1
2454,749520,91.4,214,1
2455,749587,136.1,67,1
2456,749642,125.7,55,1
2457,750042,-124.2005,400,0
2458,750442,-84.4001,400,0
2459,750505,127.5,63,1
2460,750905,-82.1,400,0
2461,751305,-72.8,400,0
2462,751483,90.0,178,1
2463,751528,118.1,45,1
2464,751641,129.7,113,1
2465,751686,123.9,45,1
2466,752086,-142.4004,400,0
2467,752486,-94.7002,400,0
2468,752598,132.2,112,1
2469,752998,-81.0001,400,0
2470,753080,120.8,82,1
2471,753147,121.1,67,1
2472,753217,109.2,70,1
2473,753256,125.7,39,1
2474,753401,125.3,145,1
2475,753442,129.9,41,1
2476,753631,110.7,189,1
2477,754031,-129.6003,400,0
2478,754059,119.4,28,1
2479,754459,-72.1,400,0
2480,754859,-90.5001,400,0
2481,754904,128.7,45,1
2482,755138,92.0,234,1
2483,755272,129.6,134,1
2484,755316,129.0,44,1
2485,755716,-101.8002,400,0
2486,755933,71.3,217,1
2487,756043,135.6,110,1
2488,756427,51.1999,384,1
2489,756827,-118.4004,400,0
2490,756903,127.7,76,1
2491,756971,130.8,68,1
2492,757371,-119.5003,400,0
2493,757771,-73.6001,400,0
2494,758171,-110.0005,400,0
2495,758571,-98.0002,400,0
2496,758739,104.2,168,1
2497,759139,-86.3002,400,0
2498,759539,-90.0002,400,0
2499,759939,-90.3001,400,0
2500,760164,84.3,225,1
2501,760564,-97.3002,400,0
2502,760964,-112.4003,400,0
2503,761051,123.7,87,1
2504,761451,-95.1003,400,0
2505,761723,63.8,272,1
2506,761830,107.9,107,1
2507,762230,-134.9004,400,0
2508,762630,-81.3001,400,0
2509,762713,121.3,83,1
2510,762858,114.7,145,1
2511,763258,-77.4,400,0
2512,763658,-114.9004,400,0
2513,763697,120.7,39,1
2514,763805,131.8,108,1
2515,763850,123.9,45,1
2516,764250,-87.1002,400,0
2517,764650,-111.7003,400,0
2518,764761,131.2,111,1
2519,765161,-140.6003,400,0
2520,765561,-139.3004,400,0
2521,765961,-116.9004,400,0
2522,766361,-110.1003,400,0
2523,766406,123.5,45,1
2524,766806,-96.8002,400,0
2525,766872,121.8,66,1
2526,767272,-65.7999,400,0
2527,767672,-129.9004,400,0
2528,768072,-117.6005,400,0
2529,768472,-110.2004,400,0
2530,768872,-70.6999,400,0
2531,769272,-109.8003,400,0
2532,769672,-87.5001,400,0
2533,770072,-104.5002,400,0
2534,770118,128.2,46,1
2535,770518,-121.2004,400,0
2536,770918,-118.5004,400,0
2537,771125,101.7,207,1
2538,771525,-98.9002,400,0
2539,771925,-107.1003,400,0
2540,771985,133.9,60,1
2541,772079,121.5,94,1
2542,772479,-116.6003,400,0
2543,772879,-96.5002,400,0
2544,773279,-119.7003,400,0
2545,773679,-113.6004,400,0
2546,774079,-81.4,400,0
2547,774479,-109.1003,400,0
2548,774613,118.4,134,1
2549,775013,-97.1002,400,0
2550,775413,-107.6003,400,0
2551,775504,124.3,91,1
2552,775599,106.9,95,1
2553,775689,123.2,90,1
2554,776089,-84.7001,400,0
2555,776170,131.3,81,1
2556,776275,110.7,105,1
2557,776675,-112.8002,400,0
2558,777075,-92.4002,400,0
2559,777131,130.2,56,1
2560,777224,133.7,93,1
2561,777624,-87.1001,400,0
2562,778024,-105.8002,400,0
2563,778060,121.8,36,1
2564,778460,-120.9006,400,0
2565,778509,122.7,49,1
2566,778909,-135.8004,400,0
2567,779309,-106.3004,400,0
2568,779709,-102.0002,400,0
2569,780109,-100.3002,400,0
2570,780202,117.3,93,1
2571,780602,-111.4003,400,0
2572,780636,122.4,34,1
2573,780682,123.4,46,1
2574,781082,-137.0004,400,0
2575,781127,128.7,45,1
2576,781413,76.0,286,1
2577,781813,-126.1004,400,0
2578,781877,108.4,64,1
2579,782277,-90.7001,400,0
2580,782677,-94.6002,400,0
2581,782729,126.2,52,1
2582,782896,117.9,167,1
2583,783296,-102.0002,400,0
2584,783344,127.8,48,1
2585,783744,-105.0003,400,0
2586,783927,83.1,183,1
2587,784227,68.4,300,1
2588,784627,-105.5002,400,0
2589,785027,-115.4004,400,0
2590,785097,130.6,70,1
2591,785275,90.8,178,1
2592,785675,-107.3003,400,0
2593,786075,-108.0003,400,0
2594,786475,-103.9003,400,0
2595,786875,-54.8999,400,0
2596,787275,-118.2004,400,0
2597,787675,-86.4002,400,0
2598,787795,123.0,120,1
2599,787881,140.0,86,1
2600,788281,-104.3002,400,0
2601,788435,101.0,154,1
2602,788493,119.0,58,1
2603,788563,130.0,70,1
2604,788654,138.4,91,1
2605,788722,136.2,68,1
2606,788767,128.7,45,1
2607,789167,-117.4003,400,0
2608,789567,-102.5001,400,0
2609,789657,118.6,90,1
2610,790057,-80.3,400,0
2611,790457,-81.5,400,0
2612,790857,-110.2002,400,0
2613,790887,123.6,30,1
2614,790987,135.8,100,1
2615,791033,123.6,46,1
2616,791269,88.3,236,1
2617,791669,-80.8,400,0
2618,792069,-92.2001,400,0
2619,792469,-108.1002,400,0
2620,792524,130.5,55,1
2621,792621,111.9,97,1
2622,793021,-115.9004,400,0
2623,793061,125.4,40,1
2624,793461,-105.2003,400,0
2625,793503,129.6,42,1
2626,793592,144.3,89,1
2627,793992,-129.1004,400,0
2628,794392,-121.9003,400,0
2629,794792,-94.9002,400,0
2630,795192,-87.6001,400,0
2631,795255,121.9,63,1
2632,795655,-78.2,400,0
2633,795782,131.3,127,1
2634,795830,127.6,48,1
2635,796230,-84.9002,400,0
2636,796318,119.1,88,1
2637,796399,146.7,81,1
2638,796661,96.8,262,1
2639,797061,-123.1004,400,0
2640,797124,133.0,63,1
2641,797193,129.9,69,1
2642,797593,-119.1003,400,0
2643,797993,-93.5001,400,0
2644,798393,-114.9004,400,0
2645,798583,139.6001,190,1
2646,798811,83.8,228,1
2647,799211,-93.8002,400,0
2648,799611,-121.1003,400,0
2649,799755,119.7,144,1
2650,800155,-114.3004,400,0
2651,800311,104.8,156,1
2652,800372,118.9,61,1
2653,800442,130.0,70,1
2654,800842,-84.5,400,0
2655,800942,126.2,100,1
2656,801009,121.1,67,1
2657,801409,-114.1004,400,0
2658,801809,-84.8001,400,0
2659,801913,114.6,104,1
2660,802313,-90.4004,400,0
2661,802713,-68.4,400,0
2662,802789,127.6,76,1
2663,802823,122.0,34,1
2664,803223,-68.6001,400,0
2665,803270,123.3,47,1
2666,803670,-141.0004,400,0
2667,803776,126.7,106,1
2668,804176,-98.6002,400,0
2669,804576,-78.0001,400,0
2670,804630,130.4,54,1
2671,804695,122.1,65,1
2672,804838,83.3,143,1
2673,804878,125.4,40,1
2674,805278,-77.0001,400,0
2675,805346,120.6,68,1
2676,805471,131.5,125,1
2677,805871,-120.8003,400,0
2678,805912,115.5,41,1
2679,806312,-69.8999,400,0
2680,806712,-87.9001,400,0
2681,806883,81.5,171,1
2682,806971,144.4,88,1
2683,807096,129.5,125,1
2684,807149,126.3,53,1
2685,807539,49.5001,390,1
2686,807617,122.4,78,1
2687,807710,141.3,93,1
2688,808110,-104.5003,400,0
2689,808510,-127.1003,400,0
2690,808566,134.9,56,1
2691,808641,128.1,75,1
2692,809041,-96.8003,400,0
2693,809441,-97.8002,400,0
2694,809841,-110.5004,400,0
2695,809983,154.8,142,1
2696,810284,55.3,301,1
2697,810684,-82.2001,400,0
2698,810755,140.1,71,1
2699,810831,143.2,76,1
2700,811106,66.7,275,1
2701,811506,-99.8002,400,0
2702,811548,124.8,42,1
2703,811603,135.3,55,1
2704,812003,-81.9001,400,0
2705,812069,136.6,66,1
2706,812122,126.4,53,1
2707,812522,-81.9,400,0
2708,812922,-87.5002,400,0
2709,812977,130.5,55,1
2710,813084,128.4,107,1
2711,813484,-96.6002,400,0
2712,813631,101.7,147,1
2713,813663,123.0,32,1
2714,813905,86.6001,242,1
2715,813947,124.8,42,1
2716,814347,-139.0004,400,0
2717,814483,117.0,136,1
2718,814682,101.1,199,1
2719,815082,-58.5999,400,0
2720,815131,132.4,49,1
2721,815181,127.2,50,1
2722,815213,123.0,32,1
2723,815252,125.7,39,1
2724,815652,-86.4,400,0
2725,815696,129.0,44,1
2726,815851,121.7,155,1
2727,816251,-134.7004,400,0
2728,816281,118.8,30,1
2729,816681,-71.3,400,0
2730,817081,-80.6,400,0
2731,817187,107.2,106,1
2732,817327,125.6,140,1
2733,817532,105.1,205,1
2734,817576,129.0,44,1
2735,817902,64.6,326,1
2736,817958,130.0,56,1
2737,818035,147.9,77,1
2738,818435,-105.0003,400,0
2739,818835,-129.4004,400,0
2740,818892,134.7,57,1
2741,818949,134.7,57,1
2742,819349,-121.1003,400,0
2743,819749,-101.3002,400,0
2744,820149,-120.3004,400,0
2745,820549,-62.6,400,0
2746,820711,108.4,162,1
2747,821111,-92.4002,400,0
2748,821188,138.1,77,1
2749,821265,143.1,77,1
2750,821665,-102.4002,400,0
2751,822065,-98.9002,400,0
2752,822465,-118.3003,400,0
2753,822532,130.9,67,1
2754,822852,50.7,320,1
2755,823252,-124.6006,400,0
2756,823295,129.3,43,1
2757,823695,-79.4,400,0
2758,824095,-83.6001,400,0
2759,824198,114.7,103,1
2760,824285,134.9,87,1
2761,824685,-73.5,400,0
2762,824761,127.8,76,1
2763,824791,123.6,30,1
2764,824959,113.2,168,1
2765,825008,122.5,49,1
2766,825408,-137.8004,400,0
2767,825808,-89.6001,400,0
2768,825954,119.4,146,1
2769,826354,-104.9002,400,0
2770,826404,132.1,50,1
2771,826454,127.0,50,1
2772,826486,123.0,32,1
2773,826529,124.1,43,1
2774,826802,77.9,273,1
2775,826846,129.0,44,1
2776,826963,134.9,117,1
2777,827363,-125.5003,400,0
2778,827388,120.3,25,1
2779,827788,-75.2001,400,0
2780,828188,-82.1001,400,0
2781,828235,128.1,47,1
2782,828467,90.8,232,1
2783,828585,132.8,118,1
2784,828637,126.6,52,1
2785,828895,88.4,258,1
2786,828992,115.1,97,1
2787,829065,149.1,73,1
2788,829465,-132.2004,400,0
2789,829865,-107.9003,400,0
2790,829925,133.6,60,1
2791,830007,125.6,82,1
2792,830407,-90.3001,400,0
2793,830807,-79.4002,400,0
2794,831207,-116.4004,400,0
2795,831607,-94.1002,400,0
2796,831876,71.1,269,1
2797,832276,-91.0001,400,0
2798,832383,127.7,107,1
2799,832783,-72.8,400,0
2800,833077,58.2,294,1
2801,833213,107.2,136,1
2802,833274,118.1,61,1
2803,833326,136.2,52,1
2804,833643,51.5,317,1
2805,833735,127.6,92,1
2806,833780,128.7,45,1
2807,833937,134.1,157,1
2808,834337,-87.9001,400,0
2809,834442,114.3,105,1
2810,834555,125.3,113,1
2811,834661,148.2,106,1
2812,834727,131.4,66,1
2813,834758,123.3,31,1
2814,835013,82.7,255,1
2815,835059,123.6,46,1
2816,835459,-139.2004,400,0
2817,835573,124.3,114,1
2818,835889,57.8,316,1
2819,836289,-104.0002,400,0
2820,836346,129.9,57,1
2821,836390,129.0,44,1
2822,836435,118.5,45,1
2823,836474,125.7,39,1
2824,836609,129.2,135,1
2825,836700,112.5,91,1
2826,836856,120.8,156,1
2827,837256,-127.9004,400,0
2828,837281,120.3,25,1
2829,837681,-73.5001,400,0
2830,838081,-83.2001,400,0
2831,838127,128.2,46,1
2832,838419,69.4,292,1
2833,838588,113.9,169,1
2834,838643,125.1,55,1
2835,839002,52.6,359,1
2836,839211,74.5,209,1
2837,839343,127.6,132,1
2838,839743,-95.5003,400,0
2839,840143,-119.6003,400,0
2840,840203,133.6,60,1
2841,840258,135.3,55,1
2842,840658,-109.1003,400,0
2843,841058,-105.4002,400,0
2844,841458,-102.6003,400,0
2845,841858,-126.5004,400,0
2846,842258,-123.2003,400,0
2847,842658,-104.9002,400,0
2848,843058,-125.4005,400,0
2849,843458,-115.5004,400,0
2850,843858,-115.6004,400,0
2851,844258,-120.1004,400,0
2852,844316,120.0,58,1
2853,844716,-136.7004,400,0
2854,845116,-132.5004,400,0
2855,845516,-113.6002,400,0
2856,845568,126.7,52,1
2857,845817,101.3,249,1
2858,846217,-89.5002,400,0
2859,846298,120.9,81,1
2860,846379,137.3,81,1
2861,846779,-111.2003,400,0
2862,846839,133.6,60,1
2863,846872,122.7,33,1
2864,847272,-87.5003,400,0
2865,847359,108.9,87,1
2866,847759,-132.7005,400,0
2867,848159,-95.0001,400,0
2868,848552,30.0998,393,1
2869,848952,-84.2001,400,0
2870,849003,131.8,51,1
2871,849051,127.6,48,1
2872,849082,123.3,31,1
2873,849121,125.7,39,1
2874,849521,-109.1002,400,0
2875,849632,105.3,111,1
2876,849742,136.8,110,1
2877,850142,-129.0004,400,0
2878,850169,119.7,27,1
2879,850569,-70.5999,400,0
2880,850969,-81.8001,400,0
2881,851014,128.7,45,1
2882,851414,-97.2003,400,0
2883,851814,-128.8003,400,0
2884,851884,120.0,70,1
2885,852284,-99.8003,400,0
2886,852643,19.2998,359,1
2887,852954,60.1999,311,1
2888,853354,-112.5004,400,0
2889,853468,129.5,114,1
2890,853546,127.2,78,1
2891,853600,135.6,54,1
2892,854000,-101.0002,400,0
2893,854400,-102.2002,400,0
2894,854800,-86.7001,400,0
2895,855200,-59.8999,400,0
2896,855600,-108.1003,400,0
2897,856000,-84.9,400,0
2898,856094,132.0,94,1
2899,856203,131.3,109,1
2900,856495,63.0001,292,1
2901,856554,134.1,59,1
2902,856635,109.8,81,1
2903,856705,130.2,70,1
2904,856864,114.4,159,1
2905,856932,135.6,68,1
2906,856978,128.4,46,1
2907,857378,-76.5,400,0
2908,857778,-82.9001,400,0
2909,857845,126.1,67,1
2910,857921,139.1,76,1
2911,858321,-94.5001,400,0
2912,858435,113.8,114,1
2913,858470,122.1,35,1
2914,858638,107.8,168,1
2915,858684,123.6,46,1
2916,859084,-139.3003,400,0
2917,859347,70.4,263,1
2918,859424,142.9,77,1
2919,859824,-110.6003,400,0
2920,859874,132.0,50,1
2921,859923,127.5,49,1
2922,859962,120.5,39,1
2923,860000,126.0,38,1
2924,860167,114.5,167,1
2925,860208,129.9,41,1
2926,860310,139.6,102,1
2927,860710,-129.7004,400,0
2928,860739,118.9,29,1
2929,861139,-116.5003,400,0
2930,861539,-94.2001,400,0
2931,861586,128.1,47,1
2932,861986,-96.6002,400,0
2933,862060,148.8,74,1
2934,862107,128.1,47,1
2935,862296,113.6,189,1
2936,862358,127.2,62,1
2937,862434,147.4,76,1
2938,862834,-71.6001,400,0
2939,862972,120.1,138,1
2940,863043,129.7,71,1
2941,863099,134.8,56,1
2942,863499,-74.4,400,0
2943,863899,-81.7001,400,0
2944,864299,-112.4004,400,0
2945,864524,125.3,225,1
2946,864742,86.6,218,1
2947,864999,95.1,257,1
2948,865070,140.1,71,1
2949,865216,118.5,146,1
2950,865616,-117.2004,400,0
2951,866016,-106.1002,400,0
2952,866416,-126.3003,400,0
2953,866470,135.6,54,1
2954,866714,80.4,244,1
2955,866775,138.3,61,1
2956,866825,127.0,50,1
2957,866924,156.0,99,1
2958,867324,-86.5001,400,0
2959,867381,129.9,57,1
2960,867459,138.2,78,1
2961,867859,-79.2001,400,0
2962,867955,120.4,96,1
2963,867986,123.1,31,1
2964,868151,110.3,165,1
2965,868193,124.8,42,1
2966,868593,-137.5003,400,0
2967,868749,108.1,156,1
2968,868828,141.8,79,1
2969,869228,-110.1003,400,0
2970,869275,132.9,47,1
2971,869323,127.8,48,1
2972,869359,121.9,36,1
2973,869404,123.5,45,1
2974,869564,119.0,160,1
2975,869607,129.3,43,1
2976,869756,124.5,149,1
2977,870156,-135.1004,400,0
2978,870181,120.3,25,1
2979,870581,-72.4001,400,0
2980,870981,-93.6002,400,0
2981,871029,127.6,48,1
2982,871429,-94.5002,400,0
2983,871540,135.8,111,1
2984,871594,126.0,54,1
2985,871994,-139.7006,400,0
2986,872394,-141.2004,400,0
2987,872530,126.1,136,1
2988,872930,-91.8002,400,0
2989,873330,-113.2004,400,0
2990,873388,134.4,58,1
2991,873449,132.9,61,1
2992,873849,-101.4002,400,0
2993,874249,-80.2001,400,0
2994,874649,-111.4005,400,0
2995,874811,147.6,162,1
2996,874983,104.0,172,1
2997,875132,131.8,149,1
2998,875220,134.0,88,1
2999,875303,140.5,83,1
3000,875629,48.0,326,1
3001,876029,-104.7002,400,0
3002,876429,-125.2004,400,0
3003,876483,135.6,54,1
3004,876587,133.2,104,1
3005,876663,132.4,76,1
3006,876709,128.4,46,1
3007,877109,-94.2002,400,0
3008,877509,-84.8001,400,0
3009,877634,105.1,125,1
3010,877704,140.1,70,1
3011,878104,-78.7001,400,0
3012,878216,114.4,112,1
3013,878246,123.6,30,1
3014,878413,109.3,167,1
3015,878457,124.2,44,1
3016,878857,-139.5004,400,0
3017,878932,138.3,75,1
3018,879008,143.4,76,1
3019,879408,-107.9003,400,0
3020,879461,131.0,53,1
3021,879508,128.1,47,1
3022,879538,123.6,30,1
3023,879578,125.4,40,1
3024,879730,121.6,152,1
3025,879772,129.6,42,1
3026,879895,132.1,123,1
3027,880295,-128.9003,400,0
3028,880322,119.7,27,1
3029,880722,-79.7001,400,0
3030,881122,-84.7001,400,0
3031,881189,120.7,67,1
3032,881342,120.7,153,1
3033,881562,100.4,220,1
3034,881606,129.0,44,1
3035,881919,67.4,313,1
3036,881993,123.2,74,1
3037,882093,139.6,100,1
3038,882493,-127.1003,400,0
3039,882893,-143.3003,400,0
3040,882956,132.9,63,1
3041,883008,136.2,52,1
3042,883408,-107.0003,400,0
3043,883713,80.1,305,1
3044,884113,-113.6004,400,0
3045,884513,-68.9001,400,0
3046,884859,42.7999,346,1
3047,885259,-105.8002,400,0
3048,885331,139.8,72,1
3049,885406,143.8,75,1
3050,885806,-105.0003,400,0
3051,886206,-103.6002,400,0
3052,886606,-122.0003,400,0
3053,886702,120.4,96,1
3054,887013,56.0,311,1
3055,887175,102.6,162,1
3056,887223,127.9,48,1
3057,887324,154.7,101,1
3058,887724,-81.0001,400,0
3059,887799,124.5,75,1
3060,887876,138.7,77,1
3061,888276,-75.4001,400,0
3062,888337,133.1,61,1
3063,888367,123.6,30,1
3064,888456,139.6,89,1
3065,888501,123.7,45,1
3066,888901,-133.1004,400,0
3067,888987,134.3,86,1
3068,889078,138.3,91,1
3069,889478,-103.2002,400,0
3070,889540,127.4,62,1
3071,889592,126.6,52,1
3072,889627,122.1,35,1
3073,889667,125.4,40,1
3074,890002,58.0,335,1
3075,890054,126.2,52,1
3076,890209,121.7,155,1
3077,890609,-128.9003,400,0
3078,890636,119.7,27,1
3079,891036,-71.7001,400,0
3080,891436,-85.8001,400,0
3081,891485,127.3,49,1
3082,891709,94.6,224,1
3083,892059,47.5999,350,1
3084,892126,121.1,67,1
3085,892406,80.5,280,1
3086,892479,123.9,73,1
3087,892555,147.8,76,1
3088,892955,-105.2003,400,0
3089,893355,-123.5004,400,0
3090,893413,134.4,58,1
3091,893494,126.5,81,1
3092,893894,-98.5002,400,0
3093,894294,-76.4002,400,0
3094,894694,-90.9002,400,0
3095,895094,-70.4,400,0
3096,895494,-122.0004,400,0
3097,895894,-93.9001,400,0
3098,896294,-94.2002,400,0
3099,896694,-80.0001,400,0
3100,897094,-137.3004,400,0
3101,897494,-86.8001,400,0
3102,897894,-98.6002,400,0
3103,897981,123.7,87,1
3104,898381,-101.2002,400,0
3105,898476,126.5,95,1
3106,898521,128.8,45,1
3107,898921,-97.5002,400,0
3108,899321,-88.0001,400,0
3109,899721,-143.2002,400,0
3110,900121,-98.1002,400,0
3111,900521,-122.8003,400,0
3112,900921,-112.5003,400,0
3113,901033,96.8,112,1
3114,901114,141.1,81,1
3115,901514,-139.7004,400,0
3116,901914,-90.6002,400,0
3117,902314,-128.9003,400,0
3118,902714,-90.8001,400,0
3119,903114,-110.5003,400,0
3120,903514,-115.9004,400,0
3121,903914,-116.3004,400,0
3122,904314,-119.8005,400,0
3123,904360,123.0,46,1
3124,904760,-76.4,400,0
3125,904803,129.1,43,1
3126,904916,135.5,113,1
3127,905316,-135.4003,400,0
3128,905352,116.4,36,1
3129,905752,-58.4999,400,0
3130,906152,-87.9002,400,0
3131,906203,126.5,51,1
3132,906603,-78.4,400,0
3133,906696,142.3,93,1
3134,906759,122.3,63,1
3135,907159,-125.5006,400,0
3136,907559,-124.0005,400,0
3137,907959,-104.0004,400,0
3138,908204,100.7,245,1
3139,908604,-106.4003,400,0
3140,909004,-115.3004,400,0
3141,909058,135.2,54,1
3142,909458,-87.0,400,0
3143,909858,-60.8999,400,0
3144,910258,-115.4005,400,0
3145,910658,-81.6,400,0
3146,910724,141.6,66,1
3147,911124,-99.7002,400,0
3148,911524,-124.2004,400,0
3149,911924,-87.0001,400,0
3150,912324,-120.6004,400,0
3151,912724,-107.8003,400,0
3152,913124,-133.2003,400,0
3153,913524,-90.8001,400,0
3154,913924,-79.4,400,0
3155,914324,-118.1004,400,0
3156,914425,107.9,101,1
3157,914825,-97.6002,400,0
3158,915225,-77.6,400,0
3159,915299,124.4,74,1
3160,915699,-84.7,400,0
3161,916099,-112.7003,400,0
3162,916499,-105.1004,400,0
3163,916532,122.7,33,1
3164,916932,-108.6003,400,0
3165,916972,125.4,40,1
3166,917372,-138.3003,400,0
3167,917772,-122.7004,400,0
3168,918172,-75.1999,400,0
3169,918572,-113.1003,400,0
3170,918972,-116.1004,400,0
3171,919034,123.6,62,1
3172,919119,105.9,85,1
3173,919171,121.4,52,1
3174,919571,-88.2001,400,0
3175,919612,129.9,41,1
3176,919854,90.6,242,1
3177,920254,-131.6004,400,0
3178,920282,119.4,28,1
3179,920682,-65.6,400,0
3180,921082,-92.5002,400,0
3181,921128,128.2,46,1
3182,921278,122.0,150,1
3183,921439,118.1,161,1
3184,921482,129.3,43,1
3185,921882,-94.7001,400,0
3186,922005,103.9,123,1
3187,922405,-118.9004,400,0
3188,922805,-99.3002,400,0
3189,923205,-123.4004,400,0
3190,923271,131.6,66,1
3191,923331,133.8,60,1
3192,923731,-93.6003,400,0
3193,924131,-67.1999,400,0
3194,924531,-104.8003,400,0
3195,924931,-70.8,400,0
3196,925038,126.6,107,1
3197,925438,-70.8999,400,0
3198,925519,136.7,81,1
3199,925919,-90.4002,400,0
3200,926319,-131.6007,400,0
3201,926719,-114.2002,400,0
3202,927119,-125.9003,400,0
3203,927178,133.7,59,1
3204,927323,122.4,145,1
3205,927723,-104.8003,400,0
3206,927802,116.3,79,1
3207,928202,-111.4003,400,0
3208,928602,-78.6,400,0
3209,928676,124.0,74,1
3210,929076,-80.0,400,0
3211,929476,-88.6001,400,0
3212,929533,134.5,57,1
3213,929595,114.0,62,1
3214,929810,96.9,215,1
3215,929898,108.0,88,1
3216,930298,-141.8003,400,0
3217,930698,-78.7,400,0
3218,931098,-75.2,400,0
3219,931498,-111.5003,400,0
3220,931898,-127.6004,400,0
3221,931947,127.3,49,1
3222,931980,122.7,33,1
3223,932020,125.4,40,1
3224,932420,-80.8001,400,0
3225,932460,130.2,40,1
3226,932634,115.0,174,1
3227,933034,-137.6003,400,0
3228,933061,119.7,27,1
3229,933461,-106.8003,400,0
3230,933861,-97.1002,400,0
3231,933905,129.0,44,1
3232,933986,146.7,81,1
3233,934126,124.2,140,1
3234,934172,128.4,46,1
3235,934572,-95.7002,400,0
3236,934621,132.1,49,1
3237,934728,136.7,107,1
3238,935128,-105.5002,400,0
3239,935528,-115.3004,400,0
3240,935585,134.8,57,1
3241,935687,117.6,102,1
3242,936087,-95.0003,400,0
3243,936487,-72.6,400,0
3244,936887,-102.7004,400,0
3245,937287,-86.7,400,0
3246,937453,105.6,166,1
3247,937633,120.6,180,1
3248,937705,139.8,72,1
3249,937779,143.8,74,1
3250,938179,-106.9003,400,0
3251,938579,-106.8002,400,0
3252,938979,-124.4003,400,0
3253,939032,135.9,53,1
3254,939306,74.7,274,1
3255,939366,138.6,60,1
3256,939408,129.6,42,1
3257,939808,-81.6,400,0
3258,940208,-87.3001,400,0
3259,940274,127.0,66,1
3260,940355,136.7,81,1
3261,940755,-93.5001,400,0
3262,940915,96.4,160,1
3263,940960,118.3,45,1
3264,941111,119.5,151,1
3265,941157,123.6,46,1
3266,941456,67.1,299,1
3267,941856,-86.9002,400,0
3268,941933,142.7,77,1
3269,942333,-114.1003,400,0
3270,942384,131.6,51,1
3271,942433,127.3,49,1
3272,942469,121.6,36,1
3273,942509,125.2,40,1
3274,942603,141.6,94,1
3275,942646,129.1,43,1
3276,942737,143.3,91,1
3277,943137,-134.3003,400,0
3278,943163,120.0,26,1
3279,943563,-61.5999,400,0
3280,943685,158.4001,122,1
3281,943772,113.1,87,1
3282,944172,-89.9003,400,0
3283,944249,147.1,77,1
3284,944297,127.4,48,1
3285,944419,137.5,122,1
3286,944484,126.5,65,1
3287,944884,-111.4003,400,0
3288,945284,-67.2,400,0
3289,945684,-137.8003,400,0
3290,945739,135.4,55,1
3291,945788,137.1,49,1
3292,946188,-88.6001,400,0
3293,946393,118.9,205,1
3294,946793,-107.3003,400,0
3295,947193,-73.5001,400,0
3296,947264,139.9,71,1
3297,947664,-83.0001,400,0
3298,947789,120.1,125,1
3299,947965,107.4,176,1
3300,948365,-101.5002,400,0
3301,948765,-105.1002,400,0
3302,949165,-121.8004,400,0
3303,949221,135.0,56,1
3304,949349,123.8,128,1
3305,949408,138.9,59,1
3306,949469,122.9,61,1
3307,949869,-82.9,400,0
3308,950269,-78.8,400,0
3309,950669,-142.1002,400,0
3310,950735,141.6,66,1
3311,951135,-82.3001,400,0
3312,951262,108.3,127,1
3313,951293,123.3,31,1
3314,951617,54.8,324,1
3315,951663,123.4,46,1
3316,952063,-137.6003,400,0
3317,952463,-88.5001,400,0
3318,952570,131.5,107,1
3319,952970,-117.9003,400,0
3320,953061,117.5,91,1
3321,953461,-118.4005,400,0
3322,953861,-120.2006,400,0
3323,953900,125.7,39,1
3324,954300,-76.4,400,0
3325,954344,129.0,44,1
3326,954454,136.6,110,1
3327,954854,-132.2004,400,0
3328,954880,120.0,26,1
3329,955280,-71.2999,400,0
3330,955680,-84.4001,400,0
3331,955736,125.2,56,1
3332,956136,-86.0001,400,0
3333,956272,128.1,136,1
3334,956372,108.2,100,1
3335,956520,130.4,148,1
3336,956575,129.7,55,1
3337,956975,-121.9003,400,0
3338,957244,91.2,269,1
3339,957644,-112.2004,400,0
3340,957700,135.0,56,1
3341,957766,130.8,66,1
3342,958166,-94.2003,400,0
3343,958566,-121.0004,400,0
3344,958966,-105.1003,400,0
3345,959087,162.3,121,1
3346,959219,117.8,132,1
3347,959619,-76.1999,400,0
3348,959716,131.2,97,1
3349,960116,-89.6001,400,0
3350,960516,-107.3003,400,0
3351,960916,-113.3002,400,0
3352,961316,-127.1003,400,0
3353,961380,131.6,64,1
3354,961504,124.8,124,1
3355,961561,139.5,57,1
3356,961605,129.0,44,1
3357,962005,-81.6,400,0
3358,962405,-75.8,400,0
3359,962805,-141.8002,400,0
3360,963205,-79.2,400,0
3361,963605,-87.5001,400,0
3362,963685,125.6,80,1
3363,963714,123.9,29,1
3364,963793,141.8,79,1
3365,964193,-138.3003,400,0
3366,964593,-84.5001,400,0
3367,964725,116.8,132,1
3368,965125,-86.6001,400,0
3369,965525,-116.3003,400,0
3370,965631,111.2,106,1
3371,965678,127.9,47,1
3372,966078,-107.5003,400,0
3373,966119,124.9,41,1
3374,966519,-95.6002,400,0
3375,966601,117.2,82,1
3376,966706,139.5,105,1
3377,967106,-136.0003,400,0
3378,967506,-108.4003,400,0
3379,967906,-70.9999,400,0
3380,968306,-84.6001,400,0
3381,968349,129.1,43,1
3382,968749,-90.3002,400,0
3383,969149,-145.2002,400,0
3384,969549,-120.2004,400,0
3385,969949,-130.3006,400,0
3386,970349,-129.6004,400,0
3387,970749,-100.4003,400,0
3388,971149,-65.3,400,0
3389,971549,-136.6003,400,0
3390,971618,130.4,69,1
3391,971678,133.4,60,1
3392,972078,-87.3,400,0
3393,972478,-120.7004,400,0
3394,972878,-111.6002,400,0
3395,973278,-119.2004,400,0
3396,973678,-135.8003,400,0
3397,974078,-87.9001,400,0
3398,974149,140.1,71,1
3399,974549,-89.5001,400,0
3400,974949,-103.8002,400,0
3401,975349,-104.6002,400,0
3402,975429,109.8,80,1
3403,975481,136.2,52,1
3404,975685,99.7,204,1
3405,975797,119.6,112,1
3406,975844,128.1,47,1
3407,976244,-114.0003,400,0
3408,976644,-85.4001,400,0
3409,977044,-132.3003,400,0
3410,977114,140.7,70,1
3411,977514,-94.2002,400,0
3412,977571,134.3,57,1
3413,977602,123.3,31,1
3414,977692,138.2,90,1
3415,977736,124.0,44,1
3416,978136,-131.3005,400,0
3417,978536,-81.9,400,0
3418,978936,-74.5999,400,0
3419,979336,-110.9003,400,0
3420,979381,133.5,45,1
3421,979781,-114.1003,400,0
3422,979813,123.0,32,1
3423,979855,124.6,42,1
3424,980255,-78.2,400,0
3425,980295,130.2,40,1
3426,980377,146.2,82,1
3427,980777,-135.7004,400,0
3428,980802,120.3,25,1
3429,981202,-64.7999,400,0
3430,981602,-86.6001,400,0
3431,981650,127.6,48,1
3432,982050,-81.7,400,0
3433,982127,147.5,77,1
3434,982187,122.8,60,1
3435,982587,-120.8004,400,0
3436,982630,134.1,43,1
3437,983030,-108.6004,400,0
3438,983430,-104.2003,400,0
3439,983830,-105.7003,400,0
3440,983887,134.7,57,1
3441,983943,135.1,56,1
3442,984343,-86.2,400,0
3443,984743,-60.4998,400,0
3444,985143,-97.0002,400,0
3445,985543,-90.9002,400,0
3446,985651,127.0,108,1
3447,986051,-72.5999,400,0
3448,986451,-82.6001,400,0
3449,986548,135.9,97,1
3450,986948,-104.0002,400,0
3451,987004,135.0,56,1
3452,987056,120.8,52,1
3453,987109,135.9,53,1
3454,987509,-79.0,400,0
3455,987566,139.5,57,1
3456,987612,128.4,46,1
3457,988012,-78.8,400,0
3458,988412,-77.3,400,0
3459,988812,-144.4003,400,0
3460,989212,-78.0,400,0
3461,989612,-84.3,400,0
3462,990012,-91.8001,400,0
3463,990054,120.0,42,1
3464,990454,-96.9002,400,0
3465,990854,-141.1004,400,0
3466,991254,-82.8001,400,0
3467,991654,-80.8,400,0
3468,992054,-77.2,400,0
3469,992454,-115.4003,400,0
3470,992581,103.5,127,1
3471,992981,-110.6003,400,0
3472,993013,122.8,32,1
3473,993051,126.0,38,1
3474,993451,-78.6,400,0
3475,993495,128.8,44,1
3476,993586,143.3,91,1
3477,993986,-130.3005,400,0
3478,994012,120.0,26,1
3479,994412,-63.5999,400,0
3480,994812,-79.7,400,0
3481,995212,-120.9006,400,0
3482,995612,-86.6,400,0
3483,995693,145.7,81,1
3484,995764,118.5,71,1
3485,996164,-119.9004,400,0
3486,996564,-117.5004,400,0
3487,996964,-100.6002,400,0
3488,997364,-99.9002,400,0
3489,997764,-108.6003,400,0
3490,997819,135.1,55,1
3491,997873,135.5,54,1
3492,998273,-81.6,400,0
3493,998673,-62.7999,400,0
3494,999073,-63.4999,400,0
3495,999473,-53.3999,400,0
3496,999873,-125.7006,400,0
